Workbook

Sheet 가이드
A1: M/H 산출 가이드
F2: 45838
A3: I. | B3: 각 시트(탭) 관련 안내
B5: 1. Summary 시트
C6: - 보고 시 활용하기 위해 'M/H 산출 Summary'를 나타낸 시트.
C7: - Input 시트의 '외주최소화 적용 유무' 선택과 연동되어, M/H Summary가 변경 적용 됨.
C8: - Input 시트와 Output1 시트와 연동되어 자동 산출 됨.
C9: - 입력항목: Sheet 상단에 확인하고자 하는 Case (Case1~3)를 선택 입력 필요.
B11: 2. 산출기준 시트
C12: - 표준 난이도별 Unit M/H와 도면 매수 산정 기준 등이 나와있는 M/H 산출기준에 대한 상세 및 설명 시트.
C13: - Input 시트의 '외주최소화 적용 유무' 선택에 따라, 난이도별 Unit M/H가 변경 적용 됨.
C14: - 입력항목: 없음
B16: 3. Input 시트
C17: - M/H 산출을 위한 필수 값들을 입력하는 Table. M/H 산출을 위한 Base 가 되는 Data 입력을 위한 시트.
C18: - 입력항목: '외주최소화 적용 유무', 'GEC 수행 비율', 'Item Q'ty' 및 'Project Codition' 등 다양한 Input을 입력.
B20: 4. OP1 시트 (Output1 시트)
C21: - Input 시트의 입력 값을 바탕으로, Case1~3의 내부/GEC/외부 M/H가 자동 산출되는 시트.
C22: - 내부 확인 및 검토 용으로 활용하기 위한 목적으로 동시에 Case 1~3를 모두 확인 가능.
C23: - 입력항목: 없음
B25: 5. OP2-1 시트 (Output2-1 시트)
C26: - Output1 시트 내용 중 Case1 (외주-단종 Case) 의 산출 M/H에 대한 보고서 형식의 시트.
C27: - Input 시트와 Output1 시트와 연동되어 자동 산출 됨.
C28: - 입력항목: 없음
B30: 6. OP2-2 시트 (Output2-2 시트)
C31: - Output1 시트 내용 중 Case2 (GEC & 외주-단종 Case) 의 산출 M/H에 대한 보고서 형식의 시트.
C32: - Input 시트와 Output1 시트와 연동되어 자동 산출 됨.
C33: - 입력항목: 없음
B35: 7. OP2-3 시트 (Output2-3 시트)
C36: - Output1 시트 내용 중 Case3 (GEC & 외주-종합 Case) 의 산출 M/H에 대한 보고서 형식의 시트.
C37: - Input 시트와 Output1 시트와 연동되어 자동 산출 됨.
C38: - 입력항목: 없음
A40: II. | B40: 각 케이스 관련 안내
B42: 1. Case1 (외주-단종 Case)
C43: - GEC 참여 없이, HEC와 '외주-단종사'만 수행하는 Case
C44: - '외주-단종사'는 내부업무 수행 불가
B46: 2. Case2 (GEC & 외주-단종 Case)
C47: - HEC, GEC & '외주-단종사'가 함께 수행하는 Case
C48: - '외주-단종사'는 내부업무 수행 불가, GEC는 내부/외부업무 모두 일부 수행 가능
C49: - GEC의 내부/외부 업무 수행 비율은 프로젝트별 별도 협의 필요
B51: 3. Case3 (GEC & 외주-종합 Case)
C52: - HEC, GEC & '외주-종합사'가 함께 수행하는 Case
C53: - '외주-종합사' 및 GEC는 내부/외부업무 모두 수행 가능 (수행 비율은 프로젝트별 별도 협의 필요)
C54: - GEC 및 '외주-종합사'의 내부/외부 업무 수행 비율은 프로젝트별 별도 협의 필요
A56: III. | B56: 외주최소화 적용 안내
B58: '외주M/H 최소화 및 내부M/H 최대화'에 대한 별도의 M/H산출 지침이나 요청을 접수 한 경우 'Input 시트' 좌측 상단의
B59: '외주최소화 적용 유무' 관련 'Yes/No' Selection을 하면, '산출기준 시트'의 Unit M/H가 이와 연동되어 바뀌게 됨.

Sheet Summary
B1: Case | C1: Summary Case Selection | P1: Case1. 외주-단종 Case
B2: C&I설계기준 | C2: Case1. 외주-단종 Case | E2: <= Case Selection 필요 | P2: Case2. GEC + 외주-단종 Case | Q2: 외주-단종
B3: 통신설계기준 | C3: Case1. 외주-단종 Case | E3: <= Case Selection 필요 | P3: Case3. GEC + 외주-종합 Case | Q3: 외주-종합
B5: 실행사업 M/H Summary (C&I + 통신)
B7: =Input_CI!B5 -> PROJECT: Promigas CPF Project | H7: =Input_CI!AK5 -> 46255
B9: 1. M/H Summary:
B10: 구분 | C10: 합계
C11: 내부 | D11: GEC | E11: 외주
B12: M/H | C12: =C21+F21 -> 21120.8 | D12: =D21+G21 -> 0 | E12: =E21+H21 -> 13863
B13: M/M | C13: =C22+F22 -> 129.44102 | D13: =D22+G22 -> 0 | E13: =E22+H22 -> 84.939846
B14: 투입 인원 | C14: =C23+F23 -> 15.723605 | D14: =D23+G23 -> 0 | E14: =E23+H23 -> 10.24654
B16: 2. M/H 상세내역:
B17: 구분 | C17: C&I설계 Part | F17: 통신설계 Part
C18: =C2 -> Case1. 외주-단종 Case | F18: =C2 -> Case1. 외주-단종 Case
C19: =산출기준_CI!A5 -> 일반 Ver. | F19: =산출기준_TEL!A5 -> 일반 Ver.
C20: 내부 | D20: GEC | E20: =IF(C2=P3,Q3,Q2) -> 외주-단종 | F20: 내부 | G20: GEC | H20: =IF(C3=P3,Q3,Q2) -> 외주-단종
B21: M/H | C21: =IF(C2=P1,OP1_CI!J128,IF(Summary!C2=Summary!P2,OP1_CI!L128,IF(Summary!C2=Summary!P3,OP1_CI!N128))) -> 11582.8 | D21: =IF(C2=P1,0,OP1_CI!P128) -> 0 | E21: =IF(C2=P1,OP1_CI!V128,IF(Summary!C2=Summary!P2,OP1_CI!X128,IF(Summary!C2=Summary!P3,OP1_CI!Z128))) -> 7742 | F21: =IF(C3=P1,OP1_TEL!J113,IF(C3= P2,OP1_TEL!L113,IF(C3=P3,OP1_TEL!N113))) -> 9538 | G21: =IF(C3=P1,0,OP1_TEL!P113) -> 0 | H21: =IF(C3=P1,OP1_TEL!V113,IF(C3= P2,OP1_TEL!X113,IF(C3=P3,OP1_TEL!Z113))) -> 6121
B22: M/M | C22: =IF(C2=P1,OP1_CI!J129,IF(Summary!C2=Summary!P2,OP1_CI!L129,IF(Summary!C2=Summary!P3,OP1_CI!N129))) -> 70.198788 | D22: =IF(C2=P1,0,OP1_CI!P129) -> 0 | E22: =IF(C2=P1,OP1_CI!V129,IF(Summary!C2=Summary!P2,OP1_CI!X129,IF(Summary!C2=Summary!P3,OP1_CI!Z129))) -> 46.921212 | F22: =IF(C3=P1,OP1_TEL!J114,IF(C3= P2,OP1_TEL!L114,IF(C3=P3,OP1_TEL!N114))) -> 59.242236 | G22: =IF(C3=P1,0,OP1_TEL!P114) -> 0 | H22: =IF(C3=P1,OP1_TEL!V114,IF(C3= P2,OP1_TEL!X114,IF(C3=P3,OP1_TEL!Z114))) -> 38.018634
B23: 투입 인원 | C23: =IF(C2=P1,OP1_CI!J130,IF(Summary!C2=Summary!P2,OP1_CI!L130,IF(Summary!C2=Summary!P3,OP1_CI!N130))) -> 5.849899 | D23: =IF(C2=P1,0,OP1_CI!P130) -> 0 | E23: =IF(C2=P1,OP1_CI!V130,IF(Summary!C2=Summary!P2,OP1_CI!X130,IF(Summary!C2=Summary!P3,OP1_CI!Z130))) -> 3.910101 | F23: =IF(C3=P1,OP1_TEL!J115,IF(C3= P2,OP1_TEL!L115,IF(C3=P3,OP1_TEL!N115))) -> 9.873706 | G23: =IF(C3=P1,0,OP1_TEL!P115) -> 0 | H23: =IF(C3=P1,OP1_TEL!V115,IF(C3= P2,OP1_TEL!X115,IF(C3=P3,OP1_TEL!Z115))) -> 6.3364389

Sheet 산출기준_CI
A1: C&I설계 화공 실행사업 MH 산출기준 (Rev.3) | R1: 산출기준_수정금지
A3: 산출기준 적용 Version (일반 vs 외주최소화 Ver.) | E3: Notes
E4: 1. | F4: 개별성과품 난이도가 정의되어 있지 않은 경우, Unit M/H 난이도 '상, 중, 하'는 PJT 특성 (발주처 성향, PMC 개입여부, 승인 Level 및 절차 등) 및 Condition 등을 고려 결정 | O4: 외주최소화 적용 유무에 따라 달라지는 값
A5: =IF(Input_CI!E3="Yes", "외주최소화 Ver.", "일반 Ver.") -> 일반 Ver. | F5: - 난이도 결정 상세는 Input탭의 'Project Condition & Information (C)항'을 참고 | O5: 외추최소화 적용 유무와 상관없이 유지되는 값
E6: 2. | F6: Revamping등 특이한 Case는 난이도를 N/A로 처리하고 산출기준과는 관례없이 현실에 맞는 M/H를 적용
P7: 45838 | R7: Rev.3
A8: NO. | B8: Activity | D8: 단위 | E8: 난이도별 Unit M/H | M8: 내부/외부 MAN HOUR 산출 지침 및 Drawing상 반영되야 할 Min. requirement | N8: MAN-HOUR 산출 지침
E9: 내부 Unit M/H | I9: 외부 Unit M/H | N9: Scale | O9: 역무 | P9: 도면 매수 산정 Guide
E10: SPI | F10: 상 | G10: 중 | H10: 하 | I10: SPI | J10: 상 | K10: 중 | L10: 하
A12: G | B12: GENERAL
A13: 1 | B13: 마일스톤 연계 미팅 / Workshop
B14: 1) | C14: Meeting & Coordination | D14: Lot | E14: - | F14: 120 | G14: 90 | H14: 45 | I14: - | J14: - | K14: - | L14: - | M14: LE 미팅, 설계 정보 전달, 인허가 Support 등 | P14: 난이도 "중" 기준 60 M/H 고려 | R14: 통신과 함께 MH 조정 (통신 축소 / CI 확대)
B15: 2) | C15: Design Review (30%, 60%, 90%) | D15: Lot | E15: - | F15: 180 | G15: 120 | H15: 60 | I15: - | J15: - | K15: - | L15: - | M15: 각 단계별 Design Review 참석 | P15: 난이도 "중" 기준 Instrument Review 시 10 Working Day 참석 (30% : 2일, 60% : 4일, 90% : 4일) | R15: 통신과 함께 MH 조정 (통신 축소 / CI 확대)
B16: 3) | C16: Workshop (ITB, Package, VELL) | D16: Lot | E16: - | F16: 80 | G16: 60 | H16: 30 | I16: - | J16: - | K16: - | L16: - | M16: ITB Workshop, Package Workshop, VELL Workshop 등 준비 및 참석 | P16: 난이도 "중" 기준 60 M/H 고려 | R16: NEW, Key Information for Package 작성 포함 // 일반적으로 GEC 역무 없음
A18: 2 | B18: ITB Review / FEED Verification / CER
B19: 1) | C19: ITB Review & Interface work. | D19: Lot | E19: - | F19: 340 | G19: 220 | H19: 120 | I19: - | J19: - | K19: - | L19: - | M19: ITB Review & Workshop, 입찰/실행 인수인계, MDR/MSR 작성, JV/Consortium 업무, W/G(UG, Module 등) | N19: N/A | O19: 설계 | P19: 난이도 "중" 기준 220 M/H 고려 | R19: 통신과 함께 MH 조정 (통신 축소 / CI 확대)
B20: 2) | C20: 발주처 협의 (Technical Clarification) | D20: 명 | E20: - | F20: 80 | G20: 60 | H20: 30 | I20: - | J20: - | K20: - | L20: - | M20: VE제안, Letter/TQ 작성, Technical Support | P20: 난이도 "중" 기준 프로젝트 수행 초기 2개월 (10명 x 1.5MH/Day)
B21: 3) | C21: Feed Verification | D21: 명 | E21: - | F21: 80 | G21: 60 | H21: 30 | I21: - | J21: - | K21: - | L21: - | M21: FEED 문서 검토 및 Clarification | P21: 난이도 "중" 기준프로젝트 수행 초기 2개월 (10명 x 1.5MH/Day)
B22: 4) | C22: Early Work | D22: 명 | E22: - | F22: 400 | G22: 320 | H22: 150 | I22: - | J22: - | K22: - | L22: - | M22: Package 업무 Support, IO Summary 작성, MR Draft 작성 (ICSS, Valve) | P22: 난이도 "중" 기준프로젝트 수행 초기 2개월 (4명 x 8MH/Day)
B23: 5) | C23: Cold Eye Review (Project Team) | D23: 명 | E23: - | F23: 16 | G23: 12 | H23: 8 | I23: - | J23: - | K23: - | L23: - | M23: CER W/G에서 작성한 Comment에 대한 검토 및 조치 | R23: NEW, 본사 CER W/G의 검토 역무는 MH에 미포함 됨. 포함 방안 검토 협의 필요
A25: E | B25: ENGINEERING (설계 관련)
A26: 1 | B26: Design Basis / Specification
B27: 1) | C27: Technical Specification
C28: - Control System | D28: Set | E28: - | F28: 200 | G28: 120 | H28: 60 | I28: - | J28: - | K28: - | L28: - | M28: 1) 난이도 산정기준 - 상 : New Generation - 중 : Feed 에 포함되어 Minor Modification or Updating - 하 : HEC Standard Specification 적용. | N28: N/A | O28: 설계
C29: - Packaged Instrument (Metering, Analzyer, TGS & etc.) | D29: Set | E29: - | F29: 140 | G29: 70 | H29: 40 | I29: - | J29: - | K29: - | L29: - | N29: N/A | O29: 설계
C30: - Field Instrument | D30: Set | E30: - | F30: 70 | G30: 35 | H30: 20 | I30: - | J30: - | K30: - | L30: - | N30: N/A | O30: 설계
C31: - Others | D31: Set | E31: - | F31: 70 | G31: 35 | H31: 20 | I31: - | J31: - | K31: - | L31: - | N31: N/A | O31: 설계
B32: 2) | C32: Design Basis 작성 | D32: Lot | F32: 340 | G32: 230 | H32: 160 | I32: - | J32: - | K32: - | L32: - | M32: LE업무지침서 9항에 따라 Specification Summary, Material Selection table, Cable/JB/Tray application table, cable gland selection table 등 설계 기준 작성 | N32: N/A | O32: 설계 | P32: LE업무지침서 9항에 따라 Specification Summary, Material Selection table, Cable/JB/Tray application table, cable gland selection table 등 설계 기준 작성
A34: 2 | B34: Summary / List / Table
B35: 1) | C35: Instrument Index | D35: Ea | E35: =IF(A5="일반 Ver.", 0.7, 0.8) -> 0.7 | F35: - | G35: =IF(A5="일반 Ver.", 0.5, 0.6) -> 0.5 | H35: - | I35: 0.2 | J35: - | K35: =IF(A5="일반 Ver.", 0.1, 0) -> 0.1 | L35: - | M35: 1) Tag no., Loop no. Inst. Type, P&ID no., Service, Equip./Line no., Location, System, I/O type 2) Data sheet no., JB connection dwg no., Hook-up dwg no., Loop dwg no. (Project 마다 input 항목 달라질 수 있슴 ) | N35: None | O35: 설계 | P35: 1) All Instrument & F&G 계기수량의 합 * 기계 Package Index는 발주처 요구시 PKG Vendor의 Native Index file을 접수하여 Master Index에 반영
B36: 2) | C36: ICSS IO database (IODB) | D36: Point | E36: =IF(A5="일반 Ver.", 0.5, 0.6) -> 0.5 | F36: - | G36: =IF(A5="일반 Ver.", 0.3, 0.4) -> 0.3 | H36: - | I36: 0.3 | J36: - | K36: =IF(A5="일반 Ver.", 0.1, 0) -> 0.1 | L36: - | M36: 1) Tag no., Loop no. Inst. Type, P&ID no., Service, System, I/O type은 Inst Index를 활용 Alarm set, Range등은 HEC에서 기입 (HEC내부 역무) 2) JB no., JB TB no., Marshalling TB. No, Package Panel TB no, No. IRP TB no기입 3) Secondary & Multi cable no. wire identification 정보 입력 | N36: None | O36: 설계 | P36: 1) Total ICSS (DCS+ESD+F&G)+MMS IO 수량
B37: 3) | C37: Instrument Cable Schedule | D37: A4 | E37: - | F37: =IF(A5="일반 Ver.", 0.3, 0.6) -> 0.3 | G37: =IF(A5="일반 Ver.", 0.3, 0.6) -> 0.3 | H37: =IF(A5="일반 Ver.", 0.3, 0.6) -> 0.3 | I37: - | J37: =IF(A5="일반 Ver.", 4, 3.7) -> 4 | K37: =IF(A5="일반 Ver.", 3, 2.7) -> 3 | L37: =IF(A5="일반 Ver.", 2, 1.7) -> 2 | M37: 1) Cable no, From/To, Cable code, Cable length 2) Cable gland spec. & q'ty 3) Drum number 4) JB 1개당 min. 1장 assign | N37: None | O37: 설계 / 제도 | P37: 1) HEC구매분 (PKG 제외) Junction box 수량 x 1.2배
B38: 4) | C38: UPS / Normal Power Load List | D38: Lot | E38: - | F38: - | G38: 50 | H38: - | I38: - | J38: - | K38: - | L38: - | M38: 타부서 Information 자료 | N38: None | O38: 설계 / 제도 | R38: to EL
B39: 5) | C39: Heat Dissipation List | D39: Lot | E39: - | F39: - | G39: 50 | H39: - | I39: - | J39: - | K39: - | L39: - | M39: 타부서 Information 자료 | N39: None | O39: 설계 / 제도 | R39: to HVAC
B40: 6) | C40: Electrical / Steam Tracing List | D40: Lot | E40: - | F40: - | G40: =IF(A5="일반 Ver.", 100, 120) -> 100 | H40: - | I40: - | J40: - | K40: =IF(A5="일반 Ver.", 100, 80) -> 100 | L40: - | M40: 타부서 Information 자료 | N40: None | O40: 설계 / 제도 | R40: to EL
B41: 7) | C41: 3D Library Data | D41: Ea | E41: - | F41: - | G41: 0.1 | H41: - | I41: - | J41: - | K41: - | L41: - | M41: 타부서 Information 자료 | N41: None | O41: 설계 / 제도 | P41: 1) All Valves, Flow & Level Instruments 수량의 합 | R41: to PI
B42: 8) | C42: Cable Tray/Duct Loading Data | D42: Lot | E42: - | F42: - | G42: =IF(A5="일반 Ver.", 50, 60) -> 50 | H42: - | I42: - | J42: - | K42: =IF(A5="일반 Ver.", 50, 40) -> 50 | L42: - | M42: 타부서 Information 자료 | N42: None | O42: 설계 / 제도 | R42: to PI & CV
B43: 9) | C43: Other 타부서 Information | D43: Lot | E43: - | F43: - | G43: =IF(A5="일반 Ver.", 50, 60) -> 50 | H43: - | I43: - | J43: - | K43: =IF(A5="일반 Ver.", 50, 40) -> 50 | L43: - | M43: 타부서 Information 자료 (Foundation Information, Building Opening Information, Field Grounding Information, UG Composite Drawing, Trench & Duct Bank Loading & etc.) | N43: None | O43: 설계 / 제도
A45: 3 | B45: Calculation
B46: 1) | C46: Weak Frequency Calculation for Thermowell | D46: Ea | E46: - | F46: - | G46: 0.5 | H46: - | I46: - | J46: - | K46: - | L46: - | M46: 별도 성과품을 제출하거나, 직접 수행하는 경우만 M/H 반영. 그 외 Vendor Data 로만 진행 시는 미반영. | N46: N/A | O46: 설계
B47: 2) | C47: Cv (Valve Coefficient) Calculation for Sizing | D47: Ea | E47: 1 | F47: - | G47: 0.5 | H47: - | I47: - | J47: - | K47: - | L47: - | M47: 별도 성과품을 제출하거나, 직접 수행하는 경우만 M/H 반영. 그 외 Vendor Data 로만 진행 시는 미반영. | N47: N/A | O47: 설계
B48: 3) | C48: PSV Orificice Calculation for Sizing | D48: Ea | E48: 1 | F48: - | G48: 0.5 | H48: - | I48: - | J48: - | K48: - | L48: - | M48: 별도 성과품을 제출하거나, 직접 수행하는 경우만 M/H 반영. 그 외 Vendor Data 로만 진행 시는 미반영. | N48: N/A | O48: 설계
B49: 4) | C49: Flow Element Calculation | D49: Ea | E49: 1 | F49: - | G49: 0.5 | H49: - | I49: - | J49: - | K49: - | L49: - | M49: 별도 성과품을 제출하거나, 직접 수행하는 경우만 M/H 반영. 그 외 Vendor Data 로만 진행 시는 미반영. | N49: N/A | O49: 설계
A51: 4 | B51: Study / Analysis
B52: 1) | C52: SIL or IPF Calculation, Safety Requirement Specification (SRS) | D52: Ea | E52: - | F52: - | G52: 1.5 | H52: 0.5 | I52: - | J52: - | K52: - | L52: - | M52: 1) 직접 Calculation을 수행하는 경우 난이도 '중'을 적용, 2) 전문외주/Vendor 등을 통해 수행 시 Design Input 제공, Coordination 및 검토를 고려 난이도 '하'를 적용 | N52: N/A | O52: 설계 | P52: 1) 난이도 "중": 기본 40M/H 투입 2) 난이도 "하": 기본 20M/H 투입
B53: 2) | C53: Intrinsic Safety Entity Calculation | D53: Ea | E53: - | F53: - | G53: 0.5 | H53: 0.2 | I53: - | J53: - | K53: - | L53: - | M53: 1) 직접 Calculation을 수행하는 경우 난이도 '중'을 적용, 2) 전문외주/Vendor 등을 통해 수행 시 Design Input 제공, Coordination 및 검토를 고려 난이도 '하'를 적용 | N53: N/A | O53: 설계 | P53: 1) 난이도 "중": 기본 40M/H 투입 2) 난이도 "하": 기본 20M/H 투입
B54: 3) | C54: FF Entity Calculation for Segment Design | D54: Ea | E54: - | F54: - | G54: 0.7 | H54: 0.3 | I54: - | J54: - | K54: - | L54: - | M54: 1) 직접 Calculation을 수행하는 경우 난이도 '중'을 적용, 2) 전문외주/Vendor 등을 통해 수행 시 Design Input 제공, Coordination 및 검토를 고려 난이도 '하'를 적용 | N54: N/A | O54: 설계 | P54: 1) 난이도 "중": 기본 40M/H 투입 2) 난이도 "하": 기본 20M/H 투입
A56: 5 | B56: Drawing
B57: 1) | C57: Control System Configuration | D57: A3 | E57: - | F57: 120 | G57: 80 | H57: 60 | I57: - | J57: 5 | K57: 4 | L57: 3 | M57: 1) Draft only, design은 HEC Engineer가 수행 2) 난이도 산정기준 - 상 : Remote Control Room이 다수이며, DCS/ESD/F&G가 포함된 Integrated Configuration - 중 : DCS/ESD/F&G가 포함된 Integrated Configuration - 하 : 개별 System만 존재하는 Simple Configuration | N57: None | O57: 설계 / 제도 | P57: 1) Project별 1장 또는 System별 출도
B58: 2) | C58: Inst Earthing philosophy (if req'd) | D58: A3 | E58: - | F58: =IF(A5="일반 Ver.", 5, 10) -> 5 | G58: =IF(A5="일반 Ver.", 5, 10) -> 5 | H58: =IF(A5="일반 Ver.", 4, 8) -> 4 | I58: - | J58: =IF(A5="일반 Ver.", 20, 15) -> 20 | K58: =IF(A5="일반 Ver.", 20, 15) -> 20 | L58: =IF(A5="일반 Ver.",15, 11) -> 15 | N58: None | O58: 제도 | P58: 1) Project별 1~2장
B59: 3) | C59: Instrument Key Plan for Layout Drawings | D59: A1 | E59: - | F59: =IF(A5="일반 Ver.", 2, 4) -> 2 | G59: =IF(A5="일반 Ver.", 2, 4) -> 2 | H59: =IF(A5="일반 Ver.", 2, 4) -> 2 | I59: - | J59: =IF(A5="일반 Ver.", 25, 23) -> 25 | K59: =IF(A5="일반 Ver.", 25, 23) -> 25 | L59: =IF(A5="일반 Ver.", 20, 18) -> 20 | M59: 1) Boundary Limit coordinate 2) DWG nos for each dwg section, DWG Index with dwg no & title | N59: As Req'd | O59: 설계 / 제도 | P59: 1) Layout 종류별 각 1 매씩 별도 출도 2) Plant가 Main Plant에서 떨어져 있을때는 별도 Key Plan 출도
B60: 4) | C60: Symbol & Legends for Inst. Layout Drawings | D60: A3 | E60: - | F60: =IF(A5="일반 Ver.", 5, 10) -> 5 | G60: =IF(A5="일반 Ver.", 5, 10) -> 5 | H60: =IF(A5="일반 Ver.", 4, 8) -> 4 | I60: - | J60: =IF(A5="일반 Ver.", 40, 35) -> 40 | K60: =IF(A5="일반 Ver.", 40, 35) -> 40 | L60: =IF(A5="일반 Ver.", 35, 31) -> 35 | M60: 1) Layout dwgs에 나타나는 all symbol & abbreviation 등록 2) Wiring, Air Piping, Cable Tray layout dwg 각각의 Symbol & Legends 표현 3) Cable & Cable Tray numbering system , Cable coding philosophy | N60: None | O60: 설계 / 제도 | P60: 1) Project별 1장, 최대 2장출도
B61: 5) | C61: Instrument Location Plan | D61: A1 | E61: - | F61: =IF(A5="일반 Ver.", 2, 4) -> 2 | G61: =IF(A5="일반 Ver.", 2, 4) -> 2 | H61: =IF(A5="일반 Ver.", 2, 4) -> 2 | I61: - | J61: =IF(A5="일반 Ver.", 19, 17) -> 19 | K61: =IF(A5="일반 Ver.", 15, 13) -> 15 | L61: =IF(A5="일반 Ver.", 12, 10) -> 12 | M61: 1) 계기 Elevation , Location Grid 표현 2) PG, TG, TW, LG등 계장공구 설치 Inst.는 모두 표현 3) PSV, Flow Element등 타공구 설치 scope 계기는 도면에서 제외 | N61: 300 : 1 | O61: 설계 / 제도 | P61: 1) 도면 1장당 평균계기 개수 : 50 ea 2) All Electronic Inst. & Non-Electronic Inst 수량의 합
B62: 6) | C62: Main Cable Routing layout | D62: A1 | E62: - | F62: =IF(A5="일반 Ver.", 5, 10) -> 5 | G62: =IF(A5="일반 Ver.", 5, 10) -> 5 | H62: =IF(A5="일반 Ver.", 5, 10) -> 5 | I62: - | J62: =IF(A5="일반 Ver.", 49, 44) -> 49 | K62: =IF(A5="일반 Ver.", 44, 39) -> 44 | L62: =IF(A5="일반 Ver.", 40, 35) -> 40 | M62: 1) JB (PKG JB포함), LCP위치 표현 2) Tray (Duct), Trench section별 통과하는 cable no및 code 표현 3) Duct bank hole별 통과하는 cable no 및 code 표현 4) MCT 사용시 Frame별 MCT Module (RM60, 40, 30) arrange 및 통과하는 cable no 및 Code .기입 (Frame 별로만) 5) Tray (Duct) section별 cable fill ratio calculation sheet는 IFC 제출시 별도제출 6) 타부서 Inform (Tray/Duct Loading, Trench, Duct Bank/Foundation Data) 포함 | N62: 200 : 1 | O62: 설계 / 제도 | P62: 1) Inst Wiring L/O 도면수량 합의 70% 2) 타부서 Inform (Tray/Duct Loading, Trench, Duct Bank/Foundation Data) 포함
B63: 7) | C63: Cable (Duct) Tray Layout | D63: A1 | E63: - | F63: =IF(A5="일반 Ver.", 2.5, 4.5) -> 2.5 | G63: =IF(A5="일반 Ver.", 2.5, 4.5) -> 2.5 | H63: =IF(A5="일반 Ver.", 2.5, 4.5) -> 2.5 | I63: - | J63: =IF(A5="일반 Ver.", 40, 38) -> 40 | K63: =IF(A5="일반 Ver.", 35, 33) -> 35 | L63: =IF(A5="일반 Ver.", 31, 29) -> 31 | M63: 1) ISO View (with Ech elevation) , All tray Fitting 표현 (code와) 2) Tray no (Streight만) 표현, 모든 Material code 표현 | N63: 500 : 1, 300 : 1 | O63: 설계 / 제도 | P63: 1) Inst Wiring L/O 도면수량 합의 60%
B64: 8) | C64: Instrument Wiring Layout | D64: A1 | E64: - | F64: =IF(A5="일반 Ver.", 4, 8) -> 4 | G64: =IF(A5="일반 Ver.", 4, 8) -> 4 | H64: =IF(A5="일반 Ver.", 4, 8) -> 4 | I64: - | J64: =IF(A5="일반 Ver.", 67, 63) -> 67 | K64: =IF(A5="일반 Ver.", 55, 51) -> 55 | L64: =IF(A5="일반 Ver.", 50, 46) -> 50 | M64: 1) Secondary cable & Tray routing 표현 2) 계기 Elevation , Location Grid 표현 3) Secondary cable no.가 Inst. Tag No.가 아닐시 Cable no. 표현 4) Cable code 표현 5) 계기, JB (PKG JB포함), LCP, LCS 위치 표현 6) 24VDC, UPS Power cable 표현 | N64: 200 : 1 | O64: 설계 / 제도 | P64: 1) 도면 1장당 평균계기 개수 : 30 ea 2) All Electronic Inst. (X'mr, Flowmeter, LT, etc). 3) On-off Valve 및 MOV는 2개로 산정. 4) 모든 Package가 ICSS Control인 경우, 도면장수 별도추가
B65: 9) | C65: F&G Wiring Layout | D65: A1 | E65: - | F65: =IF(A5="일반 Ver.", 3, 6) -> 3 | G65: =IF(A5="일반 Ver.", 3, 6) -> 3 | H65: =IF(A5="일반 Ver.", 3, 6) -> 3 | I65: - | J65: =IF(A5="일반 Ver.", 50, 47) -> 50 | K65: =IF(A5="일반 Ver.", 45, 42) -> 45 | L65: =IF(A5="일반 Ver.", 40, 37) -> 40 | M65: 1) Inst. Wiring Layout과 동일 2) Fire water pumps, Analyzer shelter F&G signals 포함 3) Deluge valve, Eye wash/safety shower 포함 | N65: 500 : 1, 300 : 1 | O65: 설계 / 제도 | P65: 1) 도면 1장당 평균계기 개수 : 15 ea 2) Gas Detectors, Flame Detectors, MAC, Beacon & Horn (or Siren)
B66: 10) | C66: Instrument Air Piping Layout | D66: A1 | E66: - | F66: =IF(A5="일반 Ver.", 3, 6) -> 3 | G66: =IF(A5="일반 Ver.", 3, 6) -> 3 | H66: =IF(A5="일반 Ver.", 3, 6) -> 3 | I66: - | J66: =IF(A5="일반 Ver.", 34, 31) -> 34 | K66: =IF(A5="일반 Ver.", 30, 27) -> 30 | L66: =IF(A5="일반 Ver.", 26, 23) -> 26 | M66: 1) Air HDR no., Reducer, Tee등 fitting류 표현 2) Air Volume Tank, Local staion 표현 3) 계기 Elevation , Location Grid 표현 | N66: 200 : 1 | O66: 설계 / 제도 | P66: 1) 도면 1장당 평균 Air 계기 개수 : 15 ea 2) Control Valve, On-off Aalve등 all Air Instruments
B67: 11) | C67: Control Room / PIB Equipment layout | D67: A1 | E67: - | F67: =IF(A5="일반 Ver.", 3, 6) -> 3 | G67: =IF(A5="일반 Ver.", 3, 6) -> 3 | H67: =IF(A5="일반 Ver.", 3, 6) -> 3 | I67: - | J67: =IF(A5="일반 Ver.", 34, 31) -> 34 | K67: =IF(A5="일반 Ver.", 30, 27) -> 30 | L67: =IF(A5="일반 Ver.", 26, 23) -> 26 | M67: 1) Cabinet Type, number, Size, scope 명기 2) Panel base Frame support details 표현 | N67: 30 : 1 | O67: 설계 / 제도 | P67: 1) Control Room / PIB / Equipment & Engineering room등 Room별 출도 2) 도면수량 : 전체 Room 수 x 1.5배
B68: 12) | C68: Control Room / PIB Cable Tray Layout | D68: A1 | E68: - | F68: =IF(A5="일반 Ver.", 4, 8) -> 4 | G68: =IF(A5="일반 Ver.", 4, 8) -> 4 | H68: =IF(A5="일반 Ver.", 4, 8) -> 4 | I68: - | J68: =IF(A5="일반 Ver.", 40, 36) -> 40 | K68: =IF(A5="일반 Ver.", 35, 31) -> 35 | L68: =IF(A5="일반 Ver.", 31, 27) -> 31 | M68: 1) ISO View 표현 (with Ech elevation) , All tray Fitting 표현 2) 모든 Material code 표현, Tray no (Streight만) 표현 | N68: 30 : 1 | O68: 설계 / 제도 | P68: 1) 각 Room별 1장
B69: 13) | C69: Control Room / PIB Earthing Layout | D69: A1 | E69: - | F69: =IF(A5="일반 Ver.", 2, 4) -> 2 | G69: =IF(A5="일반 Ver.", 2, 4) -> 2 | H69: =IF(A5="일반 Ver.", 2, 4) -> 2 | I69: - | J69: =IF(A5="일반 Ver.", 19, 17) -> 19 | K69: =IF(A5="일반 Ver.", 15, 13) -> 15 | L69: =IF(A5="일반 Ver.", 12, 10) -> 12 | M69: 1) 모든 Cabinet 표현 (Cabinet no.만) 2) Earthing wire rout 및 spec.은 계장 scope만 표현 | N69: 30 : 1 | O69: 설계 / 제도 | P69: 2) 각 Room별 1장
B70: 14) | C70: Process Hook-up drawings | D70: A4 | E70: =IF(A5="일반 Ver.", 0.5, 0.8) -> 0.5 | F70: =IF(A5="일반 Ver.", 0.3, 0.6) -> 0.3 | G70: =IF(A5="일반 Ver.", 0.3, 0.6) -> 0.3 | H70: =IF(A5="일반 Ver.", 0.3, 0.6) -> 0.3 | I70: =IF(A5="일반 Ver.", 4.5, 4.2) -> 4.5 | J70: =IF(A5="일반 Ver.", 4, 3.7) -> 4 | K70: =IF(A5="일반 Ver.", 3, 2.7) -> 3 | L70: =IF(A5="일반 Ver.", 2, 1.7) -> 2 | N70: None | O70: 설계 / 제도 | P70: 1) All Impulse & Off-line Inst.(X'mr, LT, PG, TG, LG, Analy, etc) 수량 / 15 2) 총 도면매수는 최소 40장 이하, 최대 400장 이상이 되서는 안됨 3) Note 3 참조
B71: 15) | C71: Pneumatic Hook-up drawings | D71: A4 | E71: =IF(A5="일반 Ver.", 0.5, 0.8) -> 0.5 | F71: =IF(A5="일반 Ver.", 0.3, 0.6) -> 0.3 | G71: =IF(A5="일반 Ver.", 0.3, 0.6) -> 0.3 | H71: =IF(A5="일반 Ver.", 0.3, 0.6) -> 0.3 | I71: =IF(A5="일반 Ver.", 4.5, 4.2) -> 4.5 | J71: =IF(A5="일반 Ver.", 4, 3.7) -> 4 | K71: =IF(A5="일반 Ver.", 3, 2.7) -> 3 | L71: =IF(A5="일반 Ver.", 2, 1.7) -> 2 | N71: None | O71: 설계 / 제도 | P71: 1) All air instrument(CV, On-Off V/V, Analyzer, etc) 수량 / 20 2) 총 도면매수는 최소 20매 이하, 최대 70장 이상이 되서는 안됨 3) Note 3 참조
B72: 16) | C72: Steam and/or Electric Tracing Hook-up drawings | D72: A4 | E72: =IF(A5="일반 Ver.", 0.5, 0.8) -> 0.5 | F72: =IF(A5="일반 Ver.", 0.3, 0.6) -> 0.3 | G72: =IF(A5="일반 Ver.", 0.3, 0.6) -> 0.3 | H72: =IF(A5="일반 Ver.", 0.3, 0.6) -> 0.3 | I72: =IF(A5="일반 Ver.", 4.5, 4.2) -> 4.5 | J72: =IF(A5="일반 Ver.", 4, 3.7) -> 4 | K72: =IF(A5="일반 Ver.", 3, 2.7) -> 3 | L72: =IF(A5="일반 Ver.", 2, 1.7) -> 2 | M72: 1) Typical CM / DM connection details 2) Typical insulation drawings 3) ST와 ET가 둘 다 사용시는 DWG title은 Steam and Electric Tracing Hook-up drawings 로 한다 | N72: None | O72: 설계 / 제도 | P72: 1) All Steam and Electric Tracing Instrument 수량 / 20 2) 총 도면매수는 최소 20매 이하, 최대 80장 이상이 되서는 안됨 3) Note 3 참조
B73: 17) | C73: Typical Installation Detail Drawings | D73: A4 | E73: - | F73: - | G73: =IF(A5="일반 Ver.", 0.5, 1) -> 0.5 | H73: - | I73: - | J73: - | K73: =IF(A5="일반 Ver.", 2, 1.5) -> 2 | L73: - | M73: 1) Cable tray 및 conduit 부품에 대한 detail 넣지말것 | N73: None | O73: 설계 / 제도 | P73: 1) Project 특성에 따라 70~110장 산출
B74: 18) | C74: Level Sketch Drawings | D74: A3 | E74: - | F74: - | G74: 2 | H74: - | I74: - | J74: - | K74: 0.5 | L74: - | M74: 1) Each tag no별 Alarm level별 DCS alarm % 기입 2) Nozzle inform (Nozzle no., size & rating) 3) Vessel inform (Size, Design press. Temp., etc.) | N74: None | O74: 설계 / 제도 | P74: 1) Level instrument가 설치되는 Vessel/Drum/Column수량
B75: 19) | C75: Instrument JB & Connection Diagram | D75: A4 | E75: 0.5 | F75: - | G75: 0.3 | H75: - | I75: 2 | J75: - | K75: 1 | L75: - | M75: 1) JB no., JB TB no., Marshalling TB. No, Package Panel TB no, IRP TB no 기입 2) Secondary & Multi cable no. wire identification정보 입력 3) JB 1개당 min. 1장 assign | N75: None | O75: 설계 / 제도 | P75: 1) SPI 인력지원 수행 시 해당 성과품의 난이도는 "중" 적용 2) HEC구매분 (PKG 제외) Junction box 수량 x 2배 (Package가 특별히 많을시는 추가 sheet 고려)
B76: 20) | C76: Instrument Loop Diagram | D76: Point | E76: 0.3 | F76: - | G76: 0.1 | H76: - | I76: 0.5 | J76: - | K76: 0.2 | L76: - | M76: 1) 난이도 "하"는 Vendor Drawing을 HEC Drawing으로 변환 Only - IFA / IFC / As-built 3회 check - Vendor Drawing (CAD)를 HEC drawing으로 Customize가 필요할 시 장당 0.2 M/H적용 | N76: None | O76: 설계 / 제도 | P76: 1) SPI 인력지원 수행 시 해당 성과품의 난이도는 "중" 적용 2) SPI 미적용시, ICSS Vendor Scope으로 적용 HEC Dwg로 Customize 필요 시, Draft 역무만 외주M/H에 반영 3) Total ICSS (DCS+ESD+F&G)+MMS IO 수량적용
B77: 21) | C77: Logic Diagram | D77: A3 | E77: - | F77: - | G77: =IF(A5="일반 Ver.", 2, 3) -> 2 | H77: 1 | I77: - | J77: - | K77: =IF(A5="일반 Ver.", 5, 4) -> 5 | L77: 0.2 | M77: 1) 난이도 "하"는 Vendor Drawing을 HEC Drawing으로 변환 Only | N77: None | O77: 설계 / 제도 | P77: 1) System Vendor 역무 처리, HEC Drawing 변환 시 난이도 "하" 적용 2) 협력업체에서 Logic Diagram을 신규로 작성하는 경우, 난이도 "중" 적용
A79: 6 | B79: MTO
B80: 1) | C80: BM take-off | D80: Lot | E80: - | G80: 400 | H80: - | I80: 도면매수 산정 Guide 참조 | M80: 1) 최대 4차 MTO까지 산출 2) Cable은 Drum schedule 작성 후 산출 3) Ladder tray & Fitting은 실 도면을 기준으로 산출 3) Perporate tray는 실도면 기준으로 산출 4) Cable gland는 cable Schedule에서 산출 5) JB, Air Pipe & Fittings는 실 도면을 기준으로 산출 6) Tubing, Hook-up valve, Fitting, gasket & bolt는 Hook-up물량 산출표 (Excel)를 작성하여 산출 7) 각 size, type별 2" stanchion은 3D Model에서 산출 8) 강재류 포함 Support는 Typical drawing 상의 Case 별 물량 산출 | N80: N/A | O80: MTO | P80: 1) 총 Cable 물량기준 - 20만 미만 : 400 M/H - 20만 이상~50만 미만 : 650 M/H - 50만 이상~100만 미만 : 900 M/H - 100만 이상~200만 미만 : 1,200 M/H - 200만 이상 : 1,500 M/H | R80: E-space 적용 고려하여 내부 M/H 조정
A82: 7 | B82: 3D Modeling & IT Solution
B83: 1) | C83: SPI Admin. & SPF
C84: a) SPI Admin. | D84: Point | E84: 0.1 | F84: - | G84: - | H84: - | I84: - | J84: - | K84: - | L84: - | M84: 1) SPI Admin.의 역무 수행 | N84: N/A | O84: 설계 | P84: 1) I/O Point x 0.1
C85: b) SPI Publishing | D85: Point | E85: 0.05 | F85: - | G85: - | H85: - | I85: - | J85: - | K85: - | L85: - | M85: 1) SPI Publish to SPF 적용하는 경우 | N85: N/A | O85: 설계 | P85: 1) I/O Point x 0.05 (Discrepancy Error 해결 포함)
C86: c) SPI Input for Instrument Data Sheet (in 3rd party system) | D86: Ea | E86: - | F86: - | G86: - | H86: - | I86: 0.3 | J86: - | K86: - | L86: - | M86: 1) Package의 Inst. Data Sheet를 외주MH로 SPI 반영 시 | N86: N/A | O86: 설계 | P86: 1) Data Sheet 당 0.3MH
C87: d) S3D Publishing | D87: Ea. | E87: 0.01 | F87: - | G87: - | H87: - | I87: - | J87: - | K87: - | L87: - | M87: 1) S3D Publish to SPF 적용하는 경우 | N87: N/A | O87: 설계 | P87: 1) Inst. 수량 x 0.01 (Discrepancy Error 해결 포함)
B88: 2) | C88: 3D MODELING 인력지원
C89: a) 3D Modeling | D89: M/M | E89: 도면매수 산정 Guide 참조 | I89: 도면매수 산정 Guide 참조 | M89: 1) 30%, 60%, 90%, As built 2) All off-line Inst., JB, LCP, Ladder tray 3) Perforated tray는 200w 이상 4) Analyzer shelter, Metering Skid | N89: N/A | O89: 인력지원 | P89: 1) 내부 M/H 산출지침 - ICSS I/O수량 (MMS포함) 기준 - 기본투입 M/H (Default) : 200M/H - 5,000 Point 이하 구간 : I/O 당 0.04M/H 적용 - 5,000 ~ 15,000 Point 구간 : I/O 당 0.03M/H 적용 - 15,000 Point 초과 구간 : I/O 당 0.02M/H 적용 2) 외부 M/H 산출지침 - ICSS I/O수량 (MMS포함) 기준 - 기본투입 M/H (Default) : 2,000M/H - 5,000 Point 이하 구간 : I/O 당 0.5M/H 적용 - 5,000 ~ 15,000 Point 구간 : I/O 당 0.4M/H 적용 - 15,000 Point 초과 구간 : I/O 당 0.3M/H 적용
C90: b) Extension Work for 3D Modeling | D90: Ea | E90: - | F90: - | G90: - | H90: - | I90: - | J90: - | K90: 1 | L90: - | M90: 1) Secondary Cable Route 2) All equipment in Building 3) 90% 3D Modeling Review 이후 작업 | N90: N/A | O90: 인력지원 | P90: 1) Secondary cable routing : JB당 1 M/H
B91: 3) | C91: SPI 인력지원
C92: a) Case 1 설계 중 실시간 SPI 성과품 출도 (IFA / IFC) | D92: M/M | E92: - | F92: - | G92: - | H92: - | I92: 도면매수 산정 Guide 참조 | M92: 1) Inst. Index (15%) 2) Inst. Data Sheets (25%) 3) Hook-up Drawings (5%) 4) Wiring Module (10%) 5) Loop Drawing (45%) | N92: N/A | O92: 인력지원 | P92: 1) SPI를 인력지원으로 작업하는 경우, ICSS I/O수량 (MMS포함) 기준 - 상: 15,000이상 (초급 3명x14개월(42M/M), 8,400 M/H) - 중: 10,000이상~15,000미만 (초급 각2명x16개월(32M/M), 6,400 M/H) - 하: 10,000미만 (초급 1명x18개월(18M/M), 3,600 M/H) 2) SPI 인력지원 수행 시 해당 성과품의 난이도는 "중" 적용 3) Note 4, 5, 6 참조
C93: b) Case 2 설계기간에는 Excel/CAD로 수행하고 As_Built 시에만 한번에 SPI로 DB 구축 | D93: M/M | E93: - | F93: - | G93: - | H93: - | I93: 도면매수 산정 Guide 참조 | M93: 1) Inst. Index (5%) 2) Inst. Data Sheets (10%) 3) Hook-up Drawings (5%) 4) Wiring Module (10%) 5) Loop Drawing (70%) | N93: N/A | O93: 인력지원 | P93: 1) SPI를 인력지원으로 작업하는 경우, ICSS I/O수량 (MMS포함) 기준 - 상: 15,000이상 (초급 4명x6개월(24M/M), 4,800 M/H) - 중: 10,000이상~15,000미만 (초급 3명x6개월(18 M/M), 3,600 M/H) - 하: 10,000미만 (초급 2명x5개월(10M/M), 2,000 M/H) 2) SPI 인력지원 수행 시 해당 성과품의 난이도는 "중" 적용 3) Note 4, 5, 6 참조
B94: 4) | C94: 인력지원 (경력별) | P94: DELETED
C95: a) 인력지원 (초급) | D95: M/M | E95: - | F95: - | G95: - | H95: - | I95: - | J95: - | K95: 200 | L95: - | M95: 경력 : 2년 이상 ~ 5년 미만, 일반적으로 적용하지 않으며 프로젝트에서 특별히 요구될 때만 선택적으로 적용함 | N95: N/A | O95: 인력지원 | P95: DELETED
C96: b) 인력지원 (중급) | D96: M/M | E96: - | F96: - | G96: - | H96: - | I96: - | J96: - | K96: 250 | L96: - | M96: 경력 : 5년 이상 ~ 10년 미만, 일반적으로 적용하지 않으며 프로젝트에서 특별히 요구될 때만 선택적으로 적용함 | N96: N/A | O96: 인력지원 | P96: DELETED
C97: c) 인력지원 (고급) | D97: M/M | E97: - | F97: - | G97: - | H97: - | I97: - | J97: - | K97: 300 | L97: - | M97: 경력 : 10년 이상 ~ 15년 미만, 일반적으로 적용하지 않으며 프로젝트에서 특별히 요구될 때만 선택적으로 적용함 | N97: N/A | O97: 인력지원 | P97: DELETED
C98: d) 인력지원 (특급) | D98: M/M | E98: - | F98: - | G98: - | H98: - | I98: - | J98: - | K98: 360 | L98: - | M98: 경력 : 15년 이상, 일반적으로 적용하지 않으며 프로젝트에서 특별히 요구될 때만 선택적으로 적용함 | N98: N/A | O98: 인력지원 | P98: DELETED
A100: 8 | B100: GEC Coordination
C101: a) GEC 지원 및 Coordination | D101: M/M | E101: 도면매수 산정 Guide 참조 | I101: - | J101: - | K101: - | L101: - | M101: GEC-Case에만 적용, 투입 MH는 GEC와 협의하여 반영 | N101: N/A | O101: 설계 | P101: GEC-Case에만 적용, 투입 MH는 GEC와 협의하여 반영
A103: P | B103: PROCUREMENT SUPPORT (구매 관련)
A104: 1 | B104: Datasheet
B105: 1) | C105: Instrument Data Sheets
C106: - Packaged Instrument (Metering, Analzyer, TGS & etc.) | D106: Ea | E106: 7 | F106: - | G106: 5 | H106: - | I106: 1.5 | J106: - | K106: - | L106: - | M106: 1) 최대 4차까지 Revision 기준 2) 난이도 "SPI"는 SPI로 작업할 경우 | N106: N/A | O106: 설계 | P106: 1) SPI 인력지원 시, 외주 M/H는 "0"로 반영
C107: - Tagged Valves (Valve류) | D107: Ea | E107: 3.5 | F107: - | G107: 3 | H107: - | I107: 1 | J107: - | K107: - | L107: - | N107: N/A | O107: 설계 | P107: 1) SPI 인력지원 시, 외주 M/H는 "0"로 반영
C108: - Tagged Instrument (Valve류 제외) | D108: Ea | E108: 1.5 | F108: - | G108: 1 | H108: - | I108: 0.5 | J108: - | K108: - | L108: - | N108: N/A | O108: 설계 | P108: 1) SPI 인력지원 시, 외주 M/H는 "0"로 반영
A110: 2 | B110: MR
B111: 1) | C111: Material Requisition
C112: - Control System | D112: Set | E112: - | F112: 200 | G112: 120 | H112: - | I112: - | J112: - | K112: - | L112: - | M112: 1) Purchase Specification 포함 2) Pre-fabricated Building 포함인 경우 난이도 "상" 적용 | N112: N/A | O112: 설계 | P112: - ICSS + Pre-fabricated Building : 200 MH - ICSS : 120 MH
C113: - Packaged Instrument (Metering, Analzyer, TGS & etc.) | D113: Set | E113: - | F113: - | G113: 85 | H113: - | I113: - | J113: - | K113: - | L113: - | M113: 1) Purchase Specification 포함 | N113: N/A | O113: 설계
...

Sheet Input_CI
B1: C&I Man Hour Key Factor Input Table (Rev.3) | AM1: INPUT
B2: KEY INPUT | I2: 필수 입력 항목
B3: 외주최소화 적용 유무 | E3: No | I3: 자동 산출 항목 | M3: 숨김처리 | N3: 숨김처리 | O3: 숨김처리 | P3: 숨김처리 | Q3: 숨김처리 | R3: 숨김처리
I4: GEC 입력 항목 | M4: 삭제 금지 | N4: 삭제 금지 | O4: 삭제 금지 | P4: 삭제 금지 | Q4: 삭제 금지 | R4: 삭제 금지 | AJ4: 삭제 금지
B5: PROJECT: Promigas CPF Project | AK5: 46255 | AM5: Rev.1
B6: Control & Instrumentation - Material, General & 인력지원 (A) | T6: Control & Instrumentation - Design, Deliverable & 내-외부 업무 수행 비율 (B) | AD6: Control & Instrumentation - Project Condition & Information (C)
B7: S/N | C7: Item (대분류) | D7: Item (중분류) | E7: Item 상세 (소분류) | F7: 내부 업무 중 GEC 수행 비율 (%) | G7: 내부 업무 중 외주-종합 수행 비율 (%) | H7: 외부 업무 중 GEC 수행 비율 (%) | I7: Quantity of Item | K7: Quantity of MR Set | M7: Material Requisition (Unit M/H) | N7: Material Requisition (Total M/H) | O7: Technical Bid Evaluation (Unit M/H) | P7: Technical Bid Evaluation (Total M/H) | Q7: Vendor Data Review (Unit M/H) | R7: Vendor Data Review (Total M/H) | S7: Note | T7: S/N | U7: Item (대분류) | V7: Item (중분류) | W7: Item 상세 (소분류) | X7: 내부 업무 중 GEC 수행 비율 (%) | Y7: 내부 업무 중 외주-종합 수행 비율 (%) | Z7: 외부 업무 중 GEC 수행 비율 (%) | AA7: Quantity | AC7: Note | AD7: S/N | AE7: Item (대분류) | AF7: Item (중분류) | AG7: Item 상세 (소분류) | AH7: 입력 | AI7: Factor | AJ7: 난이도 | AK7: Note
B8: A01 | C8: Control System | D8: Control System | E8: ICSS (DCS+ESD+F&G) | I8: 4300 | J8: Point | K8: 1 | L8: Set | M8: =IF(I8>0,산출기준_CI!G112,0) -> 120 | N8: =IF($K8>0, M8*K8, 0) -> 120 | O8: =IF(I8>0,산출기준_CI!G120,0) -> 400 | P8: =IF($K8>0, O8*K8, 0) -> 400 | Q8: =IF(I8=0,0,IF(I8<=2000,150,IF(I8>2000,ROUNDUP((150+(I8-2000)*0.04),0),fault))) -> 242 | R8: =IF($K8>0, Q8*K8, 0) -> 242 | T8: B01 | U8: Specification / Design Basis | V8: Technical Specification | W8: Control System | X8: 0.3 | Y8: 0.1 | AA8: 4 | AB8: Set | AD8: C01 | AE8: Project 표준 난이도 (General) | AF8: 발주처/PMC 성향, 난이도, 기술력 | AG8: 1) 국내 발주처 : 표준 M/H x 1.0 (증가 량 없음) | AH8: 8) | AI8: =IF(AH8="1)",1,IF(AH8="2)",1.05,IF(AH8="3)",1.1,IF(AH8="4)",1.15,IF(AH8="5)",1.2,IF(AH8="6)",1.25,IF(AH8="7)",1.15,IF(AH8="8)",1.2,"")))))))) -> 1.2 | AJ8: =IF(SUM(AI8:AI20)-2>1.19, "상", IF(SUM(AI8:AI20)-2>1.09, "중", IF(AI8>0.99-2,"하","ERROR"))) -> 상 | AK8: 발주처/PMC 성향 및 승인 절차 까다로움을 고려하여 난이도 Factor 1.0~1.25 (0~25%)를 표준 Man-Hour에 증가하거나, MH 산출기준 상에서 난이도 산정기준에 따라 선정된 난이도(상, 중, 하)에 따른 Unit MH를 적용한다.
B9: A02 | E9: ICSS + Pre-fabricated Building | I9: 0 | J9: Point | K9: 0 | L9: Set | M9: =IF(I9>0,산출기준_CI!F112,0) -> 0 | N9: =IF($K9>0, M9*K9, 0) -> 0 | O9: =IF(I9>0,산출기준_CI!F120,0) -> 0 | P9: =IF($K9>0, O9*K9, 0) -> 0 | Q9: =IF(I9=0,0,IF(I9<=2000,250,IF(I9>2000,ROUNDUP((250+(I9-2000)*0.04),0),fault))) -> 0 | R9: =IF($K9>0, Q9*K9, 0) -> 0 | T9: B02 | W9: Packaged Instrument (Metering, Analzyer, TGS & etc.) | X9: 0.3 | Y9: 0.1 | AA9: 3 | AB9: Set | AD9: C02 | AG9: 2) 국내 발주처(PMC가 있는 경우) : 표준 M/H x 1.05 (5% 증가)
B10: A03 | E10: Machinery Monitoring System | I10: 1000 | J10: Point | K10: 1 | L10: Set | M10: =IF(I10>0,120,0) -> 120 | N10: =IF($K10>0, M10*K10, 0) -> 120 | O10: =IF(I10>0,산출기준_CI!H120,0) -> 200 | P10: =IF($K10>0, O10*K10, 0) -> 200 | Q10: =IF(I10=0,0,IF(I10<=2000,150,IF(I10>2000,ROUNDUP((150+(I10-2000)*0.04),0),fault))) -> 150 | R10: =IF($K10>0, Q10*K10, 0) -> 150 | T10: B03 | W10: Field Instrument | X10: 0.3 | Y10: 0.1 | AA10: 1 | AB10: Set | AD10: C03 | AG10: 3) 동남아, 중앙아시아, 동유럽 국가 (PMC가 없는 경우): 표준 M/H x 1.1(10% 증가)
B11: A04 | E11: Other Control System | I11: 1000 | J11: Point | K11: 3 | L11: Set | M11: =IF(I11>0,산출기준_CI!G112,0) -> 120 | N11: =IF($K11>0, M11*K11, 0) -> 360 | O11: =IF(I11>0,산출기준_CI!H120,0) -> 200 | P11: =IF($K11>0, O11*K11, 0) -> 600 | Q11: =IF(I11=0,0,IF(I11<=2000,150,IF(I11>2000,ROUNDUP((150+(I11-2000)*0.04),0),fault))) -> 150 | R11: =IF($K11>0, Q11*K11, 0) -> 450 | S11: HIPS, Corrosion, SCS | T11: B04 | W11: Others | X11: 0.3 | Y11: 0.1 | AA11: 3 | AB11: Set | AD11: C04 | AG11: 4) 동남아, 중앙아시아, 동유럽 국가 (PMC가 있는 경우): 표준 M/H x 1.15(15% 증가)
B12: A05 | C12: Packaged Instrument | D12: Packaged Instrument | E12: Flow Metering System | I12: 4 | J12: Set | K12: 1 | L12: Set | M12: =IF(I12>0,산출기준_CI!$G$113,0) -> 85 | N12: =IF($K12>0, M12*K12, 0) -> 85 | O12: =MIN(350,IF(I12=0,0,IF(I12/K12<=2,200,IF(I12/K12>2,(200+((I12/K12-2)*20)),fault)))) -> 240 | P12: =IF($K12>0, O12*K12, 0) -> 240 | Q12: {=IF(I12=0,0,IF(I12/K12<=2,150,IF(I12/K12>2,(150+((I12/K12-2)*10)),fault)))} -> 170 | R12: =IF($K12>0, Q12*K12, 0) -> 170 | T12: B05 | V12: Design Basis | W12: Design Basis | X12: 0.3 | Y12: 0.1 | AA12: 1 | AB12: Lot | AD12: C05 | AG12: 5) 중동, 아프리카 국가 (PMC가 없는 경우): 표준 M/H x 1.2(20% 증가)
B13: A06 | E13: Analzyer System | I13: 13 | J13: Set | K13: 1 | L13: Set | M13: =IF(I13>0,산출기준_CI!$G$113,0) -> 85 | N13: =IF($K13>0, M13*K13, 0) -> 85 | O13: =MIN(350,IF(I13=0,0,IF(I13/K13<=2,200,IF(I13/K13>2,(200+((I13/K13-2)*20)),fault)))) -> 350 | P13: =IF($K13>0, O13*K13, 0) -> 350 | Q13: {=IF(I13=0,0,IF(I13/K13<=2,150,IF(I13/K13>2,(150+((I13/K13-2)*10)),fault)))} -> 260 | R13: =IF($K13>0, Q13*K13, 0) -> 260 | T13: B06 | U13: Summary / List / Table | V13: Instrument Index | W13: Instrument Index | X13: 0.3 | Y13: 0.1 | Z13: 0.3 | AA13: =SUM(I12:I42) -> 1539 | AB13: ea. | AC13: 외주 최소화 적용시 '내부 업무 중 외주-종합 수행 비율 (%)'은 0을 입력 할 것. | AD13: C06 | AG13: 6) 중동, 아프리카 국가 (PMC가 있을 경우): 표준 M/H x 1.25(25% 증가)
B14: A07 | E14: Ship Shore Link System | I14: 0 | J14: Set | K14: 0 | L14: Set | M14: =IF(I14>0,산출기준_CI!$G$113,0) -> 0 | N14: =IF($K14>0, M14*K14, 0) -> 0 | O14: =MIN(350,IF(I14=0,0,IF(I14/K14<=2,200,IF(I14/K14>2,(200+((I14/K14-2)*20)),fault)))) -> 0 | P14: =IF($K14>0, O14*K14, 0) -> 0 | Q14: {=IF(I14=0,0,IF(I14/K14<=2,150,IF(I14/K14>2,(150+((I14/K14-2)*10)),fault)))} -> 0 | R14: =IF($K14>0, Q14*K14, 0) -> 0 | T14: B07 | V14: ICSS IO database (IODB) | W14: ICSS IO database (IODB) | X14: 0.3 | Y14: 0.1 | Z14: 0.3 | AA14: =SUM(I8:I11) -> 6300 | AB14: ea. | AD14: C07 | AG14: 7) 기타 국가 (PMC가 없는 경우): 표준 M/H x 1.15(15% 증가)
B15: A08 | E15: Tank Gauging System | I15: 0 | J15: Set | K15: 0 | L15: Set | M15: =IF(I15>0,산출기준_CI!$G$113,0) -> 0 | N15: =IF($K15>0, M15*K15, 0) -> 0 | O15: =MIN(350,IF(I15=0,0,IF(I15/K15<=2,200,IF(I15/K15>2,(200+((I15/K15-2)*20)),fault)))) -> 0 | P15: =IF($K15>0, O15*K15, 0) -> 0 | Q15: =MIN(150,IF(I15=0,0,IF(I15/K15<=2,150,IF(I15/K15>2,(150+((I15/K15-2)*10)),fault)))) -> 0 | R15: =IF($K15>0, Q15*K15, 0) -> 0 | T15: B08 | V15: Instrument Cable Schedule | W15: Instrument Cable Schedule | X15: 0.3 | Y15: 0.1 | Z15: 0.3 | AA15: =ROUNDUP(I45*1.2,0) -> 720 | AB15: 장 | AD15: C08 | AG15: 8) 기타 국가 (PMC가 있는 경우): 표준 M/H x 1.2(20% 증가)
B16: A09 | E16: Fibre Optic Monitoring System | I16: 0 | J16: Set | K16: 0 | L16: Set | M16: =IF(I16>0,산출기준_CI!$G$113,0) -> 0 | N16: =IF($K16>0, M16*K16, 0) -> 0 | O16: =MIN(350,IF(I16=0,0,IF(I16/K16<=2,200,IF(I16/K16>2,(200+((I16/K16-2)*20)),fault)))) -> 0 | P16: =IF($K16>0, O16*K16, 0) -> 0 | Q16: =MIN(150,IF(I16=0,0,IF(I16/K16<=2,150,IF(I16/K16>2,(150+((I16/K16-2)*10)),fault)))) -> 0 | R16: =IF($K16>0, Q16*K16, 0) -> 0 | T16: B09 | V16: 타부서 Information | W16: UPS / Normal Power Load List | X16: 0.3 | Y16: 0.1 | AA16: 1 | AB16: Lot | AD16: C09 | AF16: Licensor Unit 포함 유무 | AG16: 1) Licensor 없음 : 표준 M/H x 1.0 (증가 량 없음) | AH16: 1) | AI16: =IF(AH16=0,"",IF(AH16="1)",1,IF(AH16=1,1,IF(AH16="2)",1.05,IF(AH16=2,1.05,IF(AH16="3)",1.1,IF(AH16=3,1.1,""))))))) -> 1 | AK16: Licensor Unit에 대한 추가 Requirement Study 및 상이한 Design Philosophy 적용에 대한 Work Volume 증가를 고려하여 난이도 Factor 1.0~1.1 (0~10%)를 표준 Man-Hour에 증가하거나, MH 산출기준 상에서 난이도 산정기준에 따라 선정된 난이도(상, 중, 하)에 따른 Unit MH를 적용한다.
B17: A10 | E17: Pipeline Leak Detection System | I17: 4 | J17: Set | K17: 1 | L17: Set | M17: =IF(I17>0,산출기준_CI!$G$113,0) -> 85 | N17: =IF($K17>0, M17*K17, 0) -> 85 | O17: =MIN(350,IF(I17=0,0,IF(I17/K17<=2,200,IF(I17/K17>2,(200+((I17/K17-2)*20)),fault)))) -> 240 | P17: =IF($K17>0, O17*K17, 0) -> 240 | Q17: =MIN(150,IF(I17=0,0,IF(I17/K17<=2,150,IF(I17/K17>2,(150+((I17/K17-2)*10)),fault)))) -> 150 | R17: =IF($K17>0, Q17*K17, 0) -> 150 | T17: B10 | W17: Heat Dissipation List | X17: 0.3 | Y17: 0.1 | AA17: 1 | AB17: Lot | AD17: C10 | AG17: 2) Case 1: 표준 M/H x 1.05 (5% 증가) *Licensor 1개인 경우
B18: A11 | E18: Air Quality Monitoring System | I18: 0 | J18: Set | K18: 0 | L18: Set | M18: =IF(I18>0,산출기준_CI!$G$113,0) -> 0 | N18: =IF($K18>0, M18*K18, 0) -> 0 | O18: =MIN(350,IF(I18=0,0,IF(I18/K18<=2,200,IF(I18/K18>2,(200+((I18/K18-2)*20)),fault)))) -> 0 | P18: =IF($K18>0, O18*K18, 0) -> 0 | Q18: =MIN(150,IF(I18=0,0,IF(I18/K18<=2,150,IF(I18/K18>2,(150+((I18/K18-2)*10)),fault)))) -> 0 | R18: =IF($K18>0, Q18*K18, 0) -> 0 | T18: B11 | W18: Electrical / Steam Tracing List | X18: 0.3 | Y18: 0.1 | Z18: 0.3 | AA18: 1 | AB18: Lot | AD18: C11 | AG18: 3) Case 2: 표준 M/H x 1.1 (10% 증가) *Licensor 2개 이상인 경우
B19: A12 | E19: Weather Monitoring System | I19: 0 | J19: Set | K19: 0 | L19: Set | M19: =IF(I19>0,산출기준_CI!$G$113,0) -> 0 | N19: =IF($K19>0, M19*K19, 0) -> 0 | O19: =MIN(350,IF(I19=0,0,IF(I19/K19<=2,200,IF(I19/K19>2,(200+((I19/K19-2)*20)),fault)))) -> 0 | P19: =IF($K19>0, O19*K19, 0) -> 0 | Q19: =MIN(150,IF(I19=0,0,IF(I19/K19<=2,150,IF(I19/K19>2,(150+((I19/K19-2)*10)),fault)))) -> 0 | R19: =IF($K19>0, Q19*K19, 0) -> 0 | T19: B12 | W19: 3D Library Data | X19: 0.3 | Y19: 0.1 | Z19: 0.3 | AA19: =SUM(I21:I31,I35:I37) -> 555 | AB19: Lot | AD19: C12 | AF19: Project 수행 Condition 고려 | AG19: 1) JV / Consortium 사업 유무 (HEC가 계장팀 Leading이 아닐 경우): 표준 M/H x 1.10 (10% 증가) | AH19: No | AI19: =1+IF(AH19="No",0,IF(AH19="Yes",0.1,0))+IF(AH20="No",0,IF(AH20="Yes",0.15,0)) -> 1 | AK19: Project 수행 Condition 에 따라 난이도 Factor 1.0~1.15 (0~15%)를 표준 Man-Hour에 증가하거나, MH 산출기준 상에서 난이도 산정기준에 따라 선정된 난이도(상, 중, 하)에 따른 Unit MH를 적용한다.
B20: A13 | E20: Other Package System | I20: 0 | J20: Set | K20: 0 | L20: Set | M20: =IF(I20>0,산출기준_CI!$G$113,0) -> 0 | N20: =IF($K20>0, M20*K20, 0) -> 0 | O20: =MIN(350,IF(I20=0,0,IF(I20/K20<=2,200,IF(I20/K20>2,(200+((I20/K20-2)*20)),fault)))) -> 0 | P20: =IF($K20>0, O20*K20, 0) -> 0 | Q20: =MIN(150,IF(I20=0,0,IF(I20/K20<=2,150,IF(I20/K20>2,(150+((I20/K20-2)*10)),fault)))) -> 0 | R20: =IF($K20>0, Q20*K20, 0) -> 0 | T20: B13 | W20: Cable Tray/Duct Loading Data | X20: 0.3 | Y20: 0.1 | Z20: 0.3 | AA20: 1 | AB20: Lot | AD20: C13 | AG20: 2) JV / Consortium 사업 유무 (HEC가 계장팀 Leading인 경우): 표준 M/H x 1.15 (15% 증가) | AH20: No
B21: A14 | C21: Tagged Valves | D21: Tagged Valves | E21: Control Valve + Self-regulating Valve | I21: 92 | J21: ea. | K21: 1 | L21: Set | M21: =IF(I21>0,산출기준_CI!$G$114,0) -> 60 | N21: =IF($K21>0, M21*K21, 0) -> 60 | O21: =IF(I21=0,0,IF(I21/K21<=100,180,IF(I21/K21>100,ROUNDUP((180+((I21/K21-100)*0.3)),0),fault))) -> 180 | P21: =IF($K21>0, O21*K21, 0) -> 180 | Q21: =IF(I21=0,0,IF(I21/K21<=100,100,IF(I21/K21>100,ROUNDUP((100+((I21/K21-100)*0.3)),0),fault))) -> 100 | R21: =IF($K21>0, Q21*K21, 0) -> 100 | T21: B14 | W21: Other 타부서 Information | X21: 0.3 | Y21: 0.1 | Z21: 0.3 | AA21: 1 | AB21: Lot | AD21: C14 | AE21: Design Basis / Specification 난이도 | AF21: Control System | AG21: 1) New Generation | AH21: 2) | AJ21: =IF(AH21="1)","상",IF(AH21="2)","중",IF(AH21="3)","하","ERROR"))) -> 중
B22: A15 | E22: Self-regulating Valve | I22: 0 | J22: ea. | K22: 0 | L22: Set | M22: =IF(I22>0,산출기준_CI!$G$114,0) -> 0 | N22: =IF($K22>0, M22*K22, 0) -> 0 | O22: =IF(I22=0,0,IF(I22/K22<=100,180,IF(I22/K22>100,ROUNDUP((180+((I22/K22-100)*0.3)),0),fault))) -> 0 | P22: =IF($K22>0, O22*K22, 0) -> 0 | Q22: =IF(I22=0,0,IF(I22/K22<=100,100,IF(I22/K22>100,ROUNDUP((100+((I22/K22-100)*0.3)),0),fault))) -> 0 | R22: =IF($K22>0, Q22*K22, 0) -> 0 | T22: B15 | U22: Calculation | V22: Weak Frequency Calculation for Thermowell | W22: On-line Thermowell 수량 | X22: 0.3 | Y22: 0.1 | AA22: 0 | AB22: ea. | AC22: 대상 Item Q'ty | AD22: C15 | AG22: 2) Feed 에 포함되어 Minor Modification or Updating
B23: A16 | E23: On-Off Valve | I23: 131 | J23: ea. | K23: 1 | L23: Set | M23: =IF(I23>0,산출기준_CI!$G$114,0) -> 60 | N23: =IF($K23>0, M23*K23, 0) -> 60 | O23: =IF(I23=0,0,IF(I23/K23<=100,180,IF(I23/K23>100,ROUNDUP((180+((I23/K23-100)*0.3)),0),fault))) -> 190 | P23: =IF($K23>0, O23*K23, 0) -> 190 | Q23: =IF(I23=0,0,IF(I23/K23<=100,100,IF(I23/K23>100,ROUNDUP((100+((I23/K23-100)*0.3)),0),fault))) -> 110 | R23: =IF($K23>0, Q23*K23, 0) -> 110 | T23: B16 | V23: Cv (Valve Coefficient) Calculation for Sizing | W23: Cv (Valve Coefficient) Calculation for Sizing | X23: 0.3 | Y23: 0.1 | AA23: 0 | AB23: ea. | AC23: 대상 Item Q'ty | AD23: C16 | AG23: 3) HEC Standard Specification 적용
B24: A17 | E24: Motor Operated Valve | I24: 7 | J24: ea. | K24: 1 | L24: Set | M24: =IF(I24>0,산출기준_CI!$G$114,0) -> 60 | N24: =IF($K24>0, M24*K24, 0) -> 60 | O24: =IF(I24=0,0,IF(I24/K24<=100,180,IF(I24/K24>100,ROUNDUP((180+((I24/K24-100)*0.3)),0),fault))) -> 180 | P24: =IF($K24>0, O24*K24, 0) -> 180 | Q24: =IF(I24=0,0,IF(I24/K24<=100,100,IF(I24/K24>100,ROUNDUP((100+((I24/K24-100)*0.3)),0),fault))) -> 100 | R24: =IF($K24>0, Q24*K24, 0) -> 100 | T24: B17 | V24: PSV Orificice Calculation for Sizing | W24: PSV Orificice Calculation for Sizing | X24: 0.3 | Y24: 0.1 | AA24: 0 | AB24: ea. | AC24: 대상 Item Q'ty | AD24: C17 | AF24: Packaged Instrument | AG24: 1) New Generation | AH24: 2) | AJ24: =IF(AH24="1)","상",IF(AH24="2)","중",IF(AH24="3)","하","ERROR"))) -> 중
B25: A18 | E25: HIPPS Valve | I25: 2 | J25: ea. | K25: 0 | L25: Set | M25: =IF(I25>0,산출기준_CI!$G$114,0) -> 60 | N25: =IF($K25>0, M25*K25, 0) -> 0 | O25: =IF(I25=0,0,IF(I25/K25<=100,180,IF(I25/K25>100,ROUNDUP((180+((I25/K25-100)*0.3)),0),fault))) -> #DIV/0! | P25: =IF($K25>0, O25*K25, 0) -> 0 | Q25: =IF(I25=0,0,IF(I25/K25<=100,100,IF(I25/K25>100,ROUNDUP((100+((I25/K25-100)*0.3)),0),fault))) -> #DIV/0! | R25: =IF($K25>0, Q25*K25, 0) -> 0 | T25: B18 | V25: Flow Element Calculation | W25: Flow Element Calculation | X25: 0.3 | Y25: 0.1 | AA25: 0 | AB25: ea. | AC25: 대상 Item Q'ty | AD25: C18 | AG25: 2) Feed 에 포함되어 Minor Modification or Updating
B26: A19 | E26: Safety Relief Valve | I26: 99 | J26: ea. | K26: 1 | L26: Set | M26: =IF(I26>0,산출기준_CI!$G$114,0) -> 60 | N26: =IF($K26>0, M26*K26, 0) -> 60 | O26: =IF(I26=0,0,IF(I26/K26<=100,180,IF(I26/K26>100,ROUNDUP((180+((I26/K26-100)*0.3)),0),fault))) -> 180 | P26: =IF($K26>0, O26*K26, 0) -> 180 | Q26: =IF(I26=0,0,IF(I26/K26<=100,100,IF(I26/K26>100,ROUNDUP((100+((I26/K26-100)*0.3)),0),fault))) -> 100 | R26: =IF($K26>0, Q26*K26, 0) -> 100 | T26: B19 | U26: Study / Analysis | V26: SIL or IPF Calculation, SRS | W26: SIL or IPF Calculation, Safety Requirement Specification (SRS) | X26: 0.3 | Y26: 0.1 | AA26: 200 | AB26: ea. | AC26: 대상 Item Q'ty | AD26: C19 | AG26: 3) HEC Standard Specification 적용
B27: A20 | E27: Rupture Disc | I27: 0 | J27: ea. | K27: 0 | L27: Set | M27: =IF(I27>0,산출기준_CI!$G$114,0) -> 0 | N27: =IF($K27>0, M27*K27, 0) -> 0 | O27: =IF(I27=0,0,IF(I27/K27<=100,180,IF(I27/K27>100,ROUNDUP((180+((I27/K27-100)*0.3)),0),fault))) -> 0 | P27: =IF($K27>0, O27*K27, 0) -> 0 | Q27: =IF(I27=0,0,IF(I27/K27<=100,100,IF(I27/K27>100,ROUNDUP((100+((I27/K27-100)*0.3)),0),fault))) -> 0 | R27: =IF($K27>0, Q27*K27, 0) -> 0 | T27: B20 | V27: Instrinsical Safety Entity Calculation | W27: Intrinsic Safety Entity Calculation | X27: 0.3 | Y27: 0.1 | AA27: 0 | AB27: ea. | AC27: 대상 Item Q'ty | AD27: C20 | AF27: Field Instrument | AG27: 1) New Generation | AH27: 2) | AJ27: =IF(AH27="1)","상",IF(AH27="2)","중",IF(AH27="3)","하","ERROR"))) -> 중
B28: A21 | E28: Deluge Valve | I28: 25 | J28: ea. | K28: 1 | L28: Set | M28: =IF(I28>0,산출기준_CI!$G$114,0) -> 60 | N28: =IF($K28>0, M28*K28, 0) -> 60 | O28: =IF(I28=0,0,IF(I28/K28<=100,180,IF(I28/K28>100,ROUNDUP((180+((I28/K28-100)*0.3)),0),fault))) -> 180 | P28: =IF($K28>0, O28*K28, 0) -> 180 | Q28: =IF(I28=0,0,IF(I28/K28<=100,100,IF(I28/K28>100,ROUNDUP((100+((I28/K28-100)*0.3)),0),fault))) -> 100 | R28: =IF($K28>0, Q28*K28, 0) -> 100 | T28: B21 | V28: FF Entity Caculation for Segment Design | W28: FF Entity Caculation for Segment Design | X28: 0.3 | Y28: 0.1 | AA28: 0 | AB28: ea. | AC28: 대상 Item Q'ty | AD28: C21 | AG28: 2) Feed 에 포함되어 Minor Modification or Updating
B29: A22 | E29: Other Tagged Valve | I29: 0 | J29: ea. | K29: 0 | L29: Set | M29: =IF(I29>0,산출기준_CI!$G$114,0) -> 0 | N29: =IF($K29>0, M29*K29, 0) -> 0 | O29: =IF(I29=0,0,IF(I29/K29<=100,180,IF(I29/K29>100,ROUNDUP((180+((I29/K29-100)*0.3)),0),fault))) -> 0 | P29: =IF($K29>0, O29*K29, 0) -> 0 | Q29: =IF(I29=0,0,IF(I29/K29<=100,100,IF(I29/K29>100,ROUNDUP((100+((I29/K29-100)*0.3)),0),fault))) -> 0 | R29: =IF($K29>0, Q29*K29, 0) -> 0 | T29: B22 | U29: Drawing | V29: Control System Architecture | W29: Control System Configuration | X29: 0.3 | Y29: 0.1 | Z29: 0.3 | AA29: 3 | AB29: 장 | AD29: C22 | AG29: 3) HEC Standard Specification 적용
B30: A23 | C30: Tagged Instrument | D30: Electronic Instrument | E30: Flow Instrument | I30: 10 | J30: ea. | K30: 1 | L30: Set | M30: =IF(I30>0,산출기준_CI!$G$115,0) -> 60 | N30: =IF($K30>0, M30*K30, 0) -> 60 | O30: =IF(I30=0,0,IF(I30/K30<=200,120,IF(I30/K30>200,ROUNDUP((120+((I30/K30-200)*0.1)),0),fault))) -> 120 | P30: =IF($K30>0, O30*K30, 0) -> 120 | Q30: =IF(I30=0,0,IF(I30/K30<=200,50,IF(I30/K30>200,ROUNDUP((50+((I30/K30-200)*0.1)),0),fault))) -> 50 | R30: =IF($K30>0, Q30*K30, 0) -> 50 | T30: B23 | W30: Inst Earthing philosophy (if req'd) | X30: 0.3 | Y30: 0.1 | Z30: 0.3 | AA30: 2 | AB30: 장 | AD30: C23 | AF30: Others | AG30: 1) New Generation | AH30: 2) | AJ30: =IF(AH30="1)","상",IF(AH30="2)","중",IF(AH30="3)","하","ERROR"))) -> 중
B31: A24 | E31: Level Instrument | I31: 18 | J31: ea. | K31: 2 | L31: Set | M31: =IF(I31>0,산출기준_CI!$G$115,0) -> 60 | N31: =IF($K31>0, M31*K31, 0) -> 120 | O31: =IF(I31=0,0,IF(I31/K31<=200,120,IF(I31/K31>200,ROUNDUP((120+((I31/K31-200)*0.1)),0),fault))) -> 120 | P31: =IF($K31>0, O31*K31, 0) -> 240 | Q31: =IF(I31=0,0,IF(I31/K31<=200,50,IF(I31/K31>200,ROUNDUP((50+((I31/K31-200)*0.1)),0),fault))) -> 50 | R31: =IF($K31>0, Q31*K31, 0) -> 100 | T31: B24 | V31: Layout Drawings | W31: Instrument Key Plan for Layout Drawings | X31: 0.3 | Y31: 0.1 | Z31: 0.3 | AA31: =IF(AA33>0,1,0)+IF(AA34>0,1,0)+IF(AA35>0,1,0)+IF(AA36>0,1,0)+IF(AA37>0,1,0)+IF(AA38>0,1,0) -> 6 | AB31: 장 | AD31: C24 | AG31: 2) Feed 에 포함되어 Minor Modification or Updating
B32: A25 | E32: Field Transmitter (PT, TT, DPT & Indicator) | I32: 521 | J32: ea. | K32: 1 | L32: Set | M32: =IF(I32>0,산출기준_CI!$G$115,0) -> 60 | N32: =IF($K32>0, M32*K32, 0) -> 60 | O32: =IF(I32=0,0,IF(I32/K32<=200,120,IF(I32/K32>200,ROUNDUP((120+((I32/K32-200)*0.1)),0),fault))) -> 153 | P32: =IF($K32>0, O32*K32, 0) -> 153 | Q32: =IF(I32=0,0,IF(I32/K32<=200,50,IF(I32/K32>200,ROUNDUP((50+((I32/K32-200)*0.1)),0),fault))) -> 83 | R32: =IF($K32>0, Q32*K32, 0) -> 83 | T32: B25 | W32: Symbol & Legends for Inst. Layout Drawings | X32: 0.3 | Y32: 0.1 | Z32: 0.3 | AA32: 2 | AB32: 장 | AC32: 최대 2장 | AD32: C25 | AG32: 3) HEC Standard Specification 적용
B33: A26 | E33: Load Cell Transmitter | I33: 0 | J33: ea. | K33: 0 | L33: Set | M33: =IF(I33>0,산출기준_CI!$G$115,0) -> 0 | N33: =IF($K33>0, M33*K33, 0) -> 0 | O33: =IF(I33=0,0,IF(I33/K33<=200,120,IF(I33/K33>200,ROUNDUP((120+((I33/K33-200)*0.1)),0),fault))) -> 0 | P33: =IF($K33>0, O33*K33, 0) -> 0 | Q33: =IF(I33=0,0,IF(I33/K33<=200,50,IF(I33/K33>200,ROUNDUP((50+((I33/K33-200)*0.1)),0),fault))) -> 0 | R33: =IF($K33>0, Q33*K33, 0) -> 0 | T33: B26 | W33: Instrument Location Plan | X33: 0.3 | Y33: 0.1 | Z33: 0.3 | AA33: =ROUNDUP(SUM(I12:I39)/50,0) -> 23 | AB33: 장 | AD33: C26 | AF33: Design Basis | AG33: Design Basis | AH33: 자동생성 | AJ33: =$AJ$8 -> 상 | AK33: Project 표준 난이도 적용
B34: A27 | E34: Other Electronic Instrument | I34: 0 | J34: ea. | K34: 0 | L34: Set | M34: =IF(I34>0,산출기준_CI!$G$115,0) -> 0 | N34: =IF($K34>0, M34*K34, 0) -> 0 | O34: =IF(I34=0,0,IF(I34/K34<=200,120,IF(I34/K34>200,ROUNDUP((120+((I34/K34-200)*0.1)),0),fault))) -> 0 | P34: =IF($K34>0, O34*K34, 0) -> 0 | Q34: =IF(I34=0,0,IF(I34/K34<=200,50,IF(I34/K34>200,ROUNDUP((50+((I34/K34-200)*0.1)),0),fault))) -> 0 | R34: =IF($K34>0, Q34*K34, 0) -> 0 | T34: B27 | W34: Main Cable Routing layout | X34: 0.3 | Y34: 0.1 | Z34: 0.3 | AA34: =ROUNDUP(AA36*0.7,0) -> 24 | AB34: 장 | AD34: C27 | AE34: Summary / List / Table 난이도 | AF34: Instrument Index | AG34: 1) SPI 적용-내부 | AH34: 2) | AJ34: =IF(AH34="1)","SPI-내부",IF(AH34="2)","SPI-외부",IF(AH34="3)","중","ERROR"))) -> SPI-외부
B35: A28 | D35: Non-Electronic Instrument | E35: Flow Element | I35: 134 | J35: ea. | K35: 1 | L35: Set | M35: =IF(I35>0,산출기준_CI!$G$115,0) -> 60 | N35: =IF($K35>0, M35*K35, 0) -> 60 | O35: =IF(I35=0,0,IF(I35/K35<=200,120,IF(I35/K35>200,ROUNDUP((120+((I35/K35-200)*0.1)),0),fault))) -> 120 | P35: =IF($K35>0, O35*K35, 0) -> 120 | Q35: =IF(I35=0,0,IF(I35/K35<=200,50,IF(I35/K35>200,ROUNDUP((50+((I35/K35-200)*0.1)),0),fault))) -> 50 | R35: =IF($K35>0, Q35*K35, 0) -> 50 | T35: B28 | W35: Cable (Duct) Tray Layout | X35: 0.3 | Y35: 0.1 | Z35: 0.3 | AA35: =ROUNDUP(AA36*0.6,0) -> 21 | AB35: 장 | AD35: C28 | AG35: 2) SPI 적용-외부
B36: A29 | E36: Rotameter | I36: 0 | J36: ea. | K36: 0 | L36: Set | M36: =IF(I36>0,산출기준_CI!$G$115,0) -> 0 | N36: =IF($K36>0, M36*K36, 0) -> 0 | O36: =IF(I36=0,0,IF(I36/K36<=200,120,IF(I36/K36>200,ROUNDUP((120+((I36/K36-200)*0.1)),0),fault))) -> 0 | P36: =IF($K36>0, O36*K36, 0) -> 0 | Q36: =IF(I36=0,0,IF(I36/K36<=200,50,IF(I36/K36>200,ROUNDUP((50+((I36/K36-200)*0.1)),0),fault))) -> 0 | R36: =IF($K36>0, Q36*K36, 0) -> 0 | T36: B29 | W36: Instrument Wiring Layout | X36: 0.3 | Y36: 0.1 | Z36: 0.3 | AA36: =ROUNDUP((SUM(I12:I20,I21,I30:I34)+SUM(I23:I25,I28:I29)*2)/30,0) -> 34 | AB36: 장 | AD36: C29 | AG36: 3) SPI 미적용
B37: A30 | E37: Level Gauge + Sight Glass | I37: 37 | J37: ea. | K37: 1 | L37: Set | M37: =IF(I37>0,산출기준_CI!$G$115,0) -> 60 | N37: =IF($K37>0, M37*K37, 0) -> 60 | O37: =IF(I37=0,0,IF(I37/K37<=200,120,IF(I37/K37>200,ROUNDUP((120+((I37/K37-200)*0.1)),0),fault))) -> 120 | P37: =IF($K37>0, O37*K37, 0) -> 120 | Q37: =IF(I37=0,0,IF(I37/K37<=200,50,IF(I37/K37>200,ROUNDUP((50+((I37/K37-200)*0.1)),0),fault))) -> 50 | R37: =IF($K37>0, Q37*K37, 0) -> 50 | T37: B30 | W37: F&G Wiring Layout | X37: 0.3 | Y37: 0.1 | Z37: 0.3 | AA37: =ROUNDUP(SUM(I40:I42)/15,0) -> 29 | AB37: 장 | AD37: C30 | AF37: ICSS IO database (IODB) | AG37: 1) SPI 적용-내부 | AH37: 2) | AJ37: =IF(AH37="1)","SPI-내부",IF(AH37="2)","SPI-외부",IF(AH37="3)","중","ERROR"))) -> SPI-외부
B38: A31 | E38: Local Gauge & Element | I38: 10 | J38: ea. | K38: 1 | L38: Set | M38: =IF(I38>0,산출기준_CI!$G$115,0) -> 60 | N38: =IF($K38>0, M38*K38, 0) -> 60 | O38: =IF(I38=0,0,IF(I38/K38<=200,120,IF(I38/K38>200,ROUNDUP((120+((I38/K38-200)*0.1)),0),fault))) -> 120 | P38: =IF($K38>0, O38*K38, 0) -> 120 | Q38: =IF(I38=0,0,IF(I38/K38<=200,50,IF(I38/K38>200,ROUNDUP((50+((I38/K38-200)*0.1)),0),fault))) -> 50 | R38: =IF($K38>0, Q38*K38, 0) -> 50 | T38: B31 | W38: Instrument Air Piping Layout | X38: 0.3 | Y38: 0.1 | Z38: 0.3 | AA38: =ROUNDUP(SUM(I21,I23,I25,I28,I29)/15,0) -> 17 | AB38: 장 | AD38: C31 | AG38: 2) SPI 적용-외부
B39: A32 | E39: Other Non-Electronic Instrument | I39: 0 | J39: ea. | K39: 0 | L39: Set | M39: =IF(I39>0,산출기준_CI!$G$115,0) -> 0 | N39: =IF($K39>0, M39*K39, 0) -> 0 | O39: =IF(I39=0,0,IF(I39/K39<=200,120,IF(I39/K39>200,ROUNDUP((120+((I39/K39-200)*0.1)),0),fault))) -> 0 | P39: =IF($K39>0, O39*K39, 0) -> 0 | Q39: =IF(I39=0,0,IF(I39<=200,50,IF(I39>200,ROUNDUP((50+((I39-200)*0.1)),0),fault))) -> 0 | R39: =IF($K39>0, Q39*K39, 0) -> 0 | T39: B32 | W39: Control Room / PIB Rack Room / Equipment & Engineering room 수량 | AA39: 8 | AB39: ea. | AD39: C32 | AG39: 3) SPI 미적용
B40: A33 | D40: F&G Devices | E40: Gas Detector & Alarm | I40: 432 | J40: ea. | K40: 1 | L40: Set | M40: =IF(I40>0,산출기준_CI!$G$115,0) -> 60 | N40: =IF($K40>0, M40*K40, 0) -> 60 | O40: =IF(I40=0,0,IF(I40/K40<=400,120,IF(I40/K40>400,ROUNDUP((120+((I40/K40-400)*0.02)),0),fault))) -> 121 | P40: =IF($K40>0, O40*K40, 0) -> 121 | Q40: =IF(I40=0,0,IF(I40/K40<=400,50,IF(I40/K40>400,ROUNDUP((50+((I40/K40-400)*0.02)),0),fault))) -> 51 | R40: =IF($K40>0, Q40*K40, 0) -> 51 | T40: B33 | W40: Control Room / PIB Equipment layout, Cable Tray Layout & Earthing Layout | X40: 0.3 | Y40: 0.1 | Z40: 0.3 | AA40: =ROUNDUP(AA39*1.5,) -> 12 | AB40: 장 | AD40: C33 | AF40: Instrument Cable Schedule | AG40: Instrument Cable Schedule | AH40: 자동생성 | AJ40: =$AJ$8 -> 상 | AK40: Project 표준 난이도 적용
B41: A34 | E41: Fire Detection Device | I41: 0 | J41: ea. | K41: 0 | L41: Set | M41: =IF(I41>0,산출기준_CI!$G$115,0) -> 0 | N41: =IF($K41>0, M41*K41, 0) -> 0 | O41: =IF(I41=0,0,IF(I41/K41<=400,120,IF(I41/K41>400,ROUNDUP((120+((I41/K41-400)*0.02)),0),fault))) -> 0 | P41: =IF($K41>0, O41*K41, 0) -> 0 | Q41: =IF(I41=0,0,IF(I41/K41<=400,50,IF(I41/K41>400,ROUNDUP((50+((I41/K41-400)*0.02)),0),fault))) -> 0 | R41: =IF($K41>0, Q41*K41, 0) -> 0 | T41: B34 | W41: Control Room / PIB Cable Tray Layout | X41: 0.3 | Y41: 0.1 | Z41: 0.3 | AA41: =AA39 -> 8 | AB41: 장 | AD41: C34 | AE41: Calculation 난이도 | AF41: Cv (Valve Coefficient) Calculation for Sizing | AG41: SPI 적용 / 미적용 | AH41: No | AJ41: =IF(AH41="Yes","SPI",IF(AH41="No","N/A","ERROR")) -> N/A
B42: A35 | E42: Other F&G device | I42: 0 | J42: ea. | K42: 0 | L42: Set | M42: =IF(I42>0,산출기준_CI!$G$115,0) -> 0 | N42: =IF($K42>0, M42*K42, 0) -> 0 | O42: =IF(I42=0,0,IF(I42/K42<=200,120,IF(I42/K42>200,ROUNDUP((120+((I42/K42-200)*0.1)),0),fault))) -> 0 | P42: =IF($K42>0, O42*K42, 0) -> 0 | Q42: =IF(I42>0,50,0) -> 0 | R42: =IF($K42>0, Q42*K42, 0) -> 0 | T42: B35 | W42: Control Room / PIB Earthing Layout | X42: 0.3 | Y42: 0.1 | Z42: 0.3 | AA42: =AA39 -> 8 | AB42: 장 | AD42: C35 | AF42: PSV Orificice Calculation for Sizing | AG42: SPI 적용 / 미적용 | AH42: No | AJ42: =IF(AH42="Yes","SPI",IF(AH42="No","N/A","ERROR")) -> N/A
B43: A36 | C43: Bulk Material | D43: Bulk Material | E43: Bulk Material (Total) | I43: - | J43: - | K43: 10 | L43: Set | M43: =산출기준_CI!G116 -> 60 | N43: =IF($K43>0, M43*K43, 0) -> 600 | O43: =산출기준_CI!G124 -> 90 | P43: =IF($K43>0, O43*K43, 0) -> 900 | Q43: =산출기준_CI!G135 -> 50 | R43: =IF($K43>0, Q43*K43, 0) -> 500 | T43: B36 | V43: Detail Drawings | W43: Process Hook-up drawings | X43: 0.3 | Y43: 0.1 | Z43: 0.3 | AA43: =ROUNDUP(SUM(I12:I20,I30:I39)/15,0) -> 51 | AB43: 장 | AD43: C36 | AF43: Flow Element Calculation | AG43: SPI 적용 / 미적용 | AH43: No | AJ43: =IF(AH43="Yes","SPI",IF(AH43="No","N/A","ERROR")) -> N/A
B44: A37 | E44: 총 Cable 수량 | I44: 650000 | J44: m | T44: B37 | W44: Pneumatic Hook-up drawings | X44: 0.3 | Y44: 0.1 | Z44: 0.3 | AA44: =ROUNDUP(SUM(I21:I23,I25,I28:I29)/20,0) -> 13 | AB44: 장 | AD44: C37 | AE44: Drawing 난이도 | AF44: Control System Configuration | AG44: 1) Remote Control Room이 다수이며, DCS/ESD/F&G가 포함된 Integrated Configuration | AH44: 2) | AJ44: =IF(AH44="1)","상",IF(AH44="2)","중",IF(AH44="3)","하","ERROR"))) -> 중 | AK44: Draft only, design은 HEC Engineer가 수행
B45: A38 | E45: Junction Box 수량 | I45: 600 | J45: ea. | M45: N/A | N45: N/A | O45: N/A | P45: N/A | Q45: N/A | R45: N/A | S45: HEC 직 구매분 | T45: B38 | W45: Steam and/or Electric Tracing Hook-up drawings | X45: 0.3 | Y45: 0.1 | Z45: 0.3 | AA45: =ROUNDUP(I46/20,0) -> 13 | AB45: 장 | AD45: C38 | AG45: 2) DCS/ESD/F&G가 포함된 Integrated Configuration
B46: A39 | E46: ST + ET Tracing 대상 계기수량 | I46: 244 | J46: ea. | M46: N/A | N46: N/A | O46: N/A | P46: N/A | Q46: N/A | R46: N/A | T46: B39 | W46: Typical Installation Detail Drawings | X46: 0.3 | Y46: 0.1 | Z46: 0.3 | AA46: 110 | AB46: 장 | AD46: C39 | AG46: 3) 개별 System만 존재하는 Simple Configuration
B47: A40 | C47: ITB Review / FEED Verification / CER | D47: 마일스톤 연계 미팅 | E47: Meeting & Coordination | F47: 0.3 | G47: 0.1 | I47: 1 | J47: Lot | T47: B40 | W47: Level instrument가 설치되는 Vessel/Drum/Column수량 (for Level Sketch) | X47: 0.3 | Y47: 0.1 | Z47: 0.3 | AA47: 95 | AB47: ea. | AD47: C40 | AF47: Inst Earthing philosophy (if req'd) | AG47: 1) New Generation | AH47: 1) | AJ47: =IF(AH47="1)","중",IF(AH47="2)","하","ERROR")) -> 중
B48: A41 | E48: Design Review (30%, 60%, 90%) | F48: 0.3 | G48: 0.1 | I48: 1 | J48: Lot | T48: B41 | W48: Instrument JB & Connection Diagram | X48: 0.3 | Y48: 0.1 | Z48: 0.3 | AA48: =ROUNDUP(I45*2,0) -> 1200 | AB48: 장 | AD48: C41 | AG48: 2) Feed 에 포함되어 Minor Modification or Updating
B49: A42 | D49: Workshop | E49: Workshop (ITB, Package, VELL) | F49: 0 | G49: 0 | I49: 1 | J49: Lot | T49: B42 | W49: Instrument Loop Diagram | X49: 0.3 | Y49: 0.1 | Z49: 0.3 | AA49: =ROUNDUP(SUM(I8:I11),0) -> 6300 | AB49: 장 | AD49: C42 | AF49: Layout Drawings | AG49: All LAYOUT DRAWINGS | AH49: 자동생성 | AJ49: =$AJ$8 -> 상 | AK49: Project 표준 난이도 적용
B50: A43 | D50: ITB Review / FEED Verification | E50: ITB Review & Interface work. | F50: 0.3 | G50: 0.1 | I50: 1 | J50: Lot | T50: B43 | W50: Logic Diagram | X50: 0.3 | Y50: 0.1 | Z50: 0.3 | AA50: 200 | AB50: 장 | AD50: C43 | AF50: Process Hook-up drawings | AG50: SPI 적용 / 미적용 | AH50: Yes | AJ50: =IF(AH50="Yes","SPI",IF(AH50="No",$AJ$8,"ERROR")) -> SPI | AK50: 미적용시, Project 표준 난이도 적용
B51: A44 | E51: C&I 설계 '발주처 협의' 참여 인원 | F51: 0.3 | G51: 0.1 | I51: 5 | J51: 명 | S51: 인원수: 외주-단종 시, 내부 HEC 인원 | T51: B44 | U51: MTO | V51: MTO | W51: MTO | X51: 0.3 | Y51: 0.1 | Z51: 0.3 | AA51: 1 | AB51: Lot | AD51: C44 | AF51: Pneumatic Hook-up drawings | AG51: SPI 적용 / 미적용 | AH51: Yes | AJ51: =IF(AH51="Yes","SPI",IF(AH51="No",$AJ$8,"ERROR")) -> SPI | AK51: 미적용시, Project 표준 난이도 적용
B52: A45 | E52: C&I 설계 'Feed Verification' 참여 인원 | F52: 0.3 | G52: 0.1 | I52: 5 | J52: 명 | S52: 인원수: 외주-단종 시, 내부 HEC 인원 | T52: B45 | U52: 구매관련 | V52: Inst. Data Sheets | W52: Packaged Instrument (Metering, Analzyer, TGS & etc.) | X52: 0.3 | Y52: 0.1 | Z52: 0.3 | AA52: =SUM(I12:I20) -> 21 | AB52: ea. | AD52: C45 | AF52: Steam and/or Electric Tracing Hook-up drawings | AG52: SPI 적용 / 미적용 | AH52: Yes | AJ52: =IF(AH52="Yes","SPI",IF(AH52="No",$AJ$8,"ERROR")) -> SPI | AK52: 미적용시, Project 표준 난이도 적용
B53: A46 | E53: C&I 설계 'Early Work' 참여 인원 | F53: 0.3 | G53: 0.1 | I53: 0 | J53: 명 | S53: 인원수: 외주-단종 시, 내부 HEC 인원 | T53: B46 | W53: Tagged Valve | X53: 0.3 | Y53: 0.1 | Z53: 0.3 | AA53: =SUM(I21:I29) -> 356 | AB53: ea. | AD53: C46 | AF53: Instrument JB & Connection Diagram | AG53: SPI 적용 / 미적용 | AH53: Yes | AJ53: =IF(AH53="Yes","SPI",IF(AH53="No","N/A","ERROR")) -> SPI
B54: A47 | D54: Cold Eye Review | E54: C&I 설계 'CER' 참여 인원 | F54: 0.3 | G54: 0.1 | I54: 5 | J54: 명 | S54: 인원수: 외주-단종 시, 내부 HEC 인원 | T54: B47 | W54: Tagged Instrument | X54: 0.3 | Y54: 0.1 | Z54: 0.3 | AA54: =SUM(I30:I42) -> 1162 | AB54: ea. | AD54: C47 | AF54: Instrument Loop Diagram | AG54: SPI 적용 / 미적용 | AH54: Yes | AJ54: =IF(AH54="Yes","SPI",IF(AH54="No","N/A","ERROR")) -> SPI
B55: A48 | C55: 3D Modeling & IT Solution | D55: SPI Admin. & SPF | E55: SPI Admin. | F55: 0.3 | G55: 0.1 | I55: - | J55: - | T55: B48 | V55: MR / TBE / VD Review | W55: Control System | X55: 0.3 | Y55: 0.1 | AA55: =SUM(K8:K11) -> 5 | AB55: Set | AD55: C48 | AF55: Logic Diagram | AG55: 1) New Generation | AH55: 1) | AJ55: =IF(AH55="1)","중",IF(AH55="2)","하","ERROR")) -> 중
B56: A49 | E56: SPI Publishing | F56: 0.3 | G56: 0.1 | I56: - | J56: - | T56: B49 | W56: Packaged Instrument | X56: 0.3 | Y56: 0.1 | AA56: =SUM(K12:K20) -> 3 | AB56: Set | AD56: C49 | AG56: 2) Vendor Drawing (CAD)를 HEC Drawing으로 변환 Only
B57: A50 | E57: SPI Input for 3rd Party Instrument Data Sheet | H57: 0.3 | I57: 250 | J57: ea. | S57: 대상 Item Q'ty | T57: B50 | W57: Tagged Valve | X57: 0.3 | Y57: 0.1 | AA57: =SUM(K21:K29) -> 5 | AB57: Set | AD57: C50 | AE57: 3D Modeling & IT Solution 난이도 | AF57: SPI Admin | AG57: SPI Admin. 역무 수행 / 미수행 | AH57: No | AJ57: =IF(AH57="Yes","적용",IF(AH57="No","N/A","ERROR")) -> N/A
B58: A51 | E58: S3D Publishing | F58: 0.3 | G58: 0.1 | I58: - | J58: - | T58: B51 | W58: Tagged Instrument | X58: 0.3 | Y58: 0.1 | AA58: =SUM(K30:K42) -> 8 | AB58: Set | AD58: C51 | AF58: SPI Publishing | AG58: SPI Publish to SPF 적용 / 미적용 | AH58: No | AJ58: =IF(AH58="Yes","적용",IF(AH58="No","N/A","ERROR")) -> N/A
B59: A52 | D59: 3D Modeling 인력지원 | E59: 3D Modeling | F59: 0.3 | G59: 0.1 | H59: 0.3 | I59: - | J59: - | T59: B52 | W59: Bulk Material | X59: 0.3 | Y59: 0.1 | AA59: =K43 -> 10 | AB59: Set | AD59: C52 | AF59: SPI Input for 3rd Party Inst. D/S | AG59: SPI 적용 / 미적용 | AH59: Yes | AJ59: =IF(AH59="Yes","SPI",IF(AH59="No","N/A","ERROR")) -> SPI
B60: A53 | E60: Extension Work for 3D Modeling | H60: 0.3 | I60: - | J60: - | T60: B53 | V60: Instrument Check List & Cable Block Diagram for Major 3rd Party System 공통 | W60: Instrument Check List for Major 3rd Party System | X60: 0.3 | Y60: 0.1 | AA60: =SUM(AA62:AA69) -> 35 | AB60: Set | AD60: C53 | AF60: S3D Publishing | AG60: S3D Publish to SPF 적용 / 미적용 | AH60: No | AJ60: =IF(AH60="Yes","적용",IF(AH60="No","N/A","ERROR")) -> N/A
B61: A54 | D61: SPI 인력지원 | E61: Case1: 설계 중 실시간 SPI 성과품 출도 (IFA / IFC) | H61: 0.3 | I61: - | J61: - | T61: B54 | W61: Cable Block Diagram for Major 3rd Party System | X61: 0.3 | Y61: 0.1 | Z61: 0.3 | AA61: =AA60 -> 35 | AB61: Set | AD61: C54 | AF61: 3D Modeling | AG61: ICSS I/O수량 (MMS포함)에 따라 M/H 자동 적용 | AH61: =SUM(I8:I10) -> 5300
B62: A55 | E62: Case2: 설계기간에는 Excel/CAD로 수행하고 As-Built 시에만 한번에 SPI로 DB 구축 | H62: 0.3 | I62: - | J62: - | T62: B55 | W62: 1) Compressor | AA62: 3 | AB62: Set | AD62: C55 | AF62: Extension Work for 3D Modeling | AG62: 적용 / 미적용 | AH62: Yes | AJ62: =IF(AH62="Yes","적용",IF(AH62="No","N/A","ERROR")) -> 적용
B63: A56 | D63: 인력 지원 | E63: 인력지원 (초급) | H63: 0 | I63: - | J63: - | S63: DELETED | T63: B56 | W63: 2) Boiler | AA63: 0 | AB63: Set | AD63: C56 | AF63: Case 1. 설계 중 실시간 SPI 성과품 출도 (IFA / IFC) | AG63: 인력지원 적용 / 미적용 | AH63: No | AJ63: =IF(AH63="No","N/A",IF(SUM(I8:I11)>=15000,"상",IF(SUM(I8:I11)>=10000,"중","하"))) -> N/A | AK63: 미적용시, ICSS I/O수량에 따라 난이도 적용
B64: A57 | E64: 인력지원 (중급) | H64: 0 | I64: - | J64: - | S64: DELETED | T64: B57 | W64: 3) Metering | AA64: 4 | AB64: Set | AD64: C57 | AF64: Case 2. 설계기간에는 Excel/CAD로 수행하고 As-Built 시에만 한번에 SPI로 DB 구축 | AG64: 인력지원 적용 / 미적용 | AH64: No | AJ64: =IF(AH64="No","N/A",IF(SUM(I9:I12)>=15000,"상",IF(SUM(I9:I12)>=10000,"중","하"))) -> N/A | AK64: 미적용시, ICSS I/O수량에 따라 난이도 적용
B65: A58 | E65: 인력지원 (고급) | H65: 0 | I65: - | J65: - | S65: DELETED | T65: B58 | W65: 4) MMS | AA65: 3 | AB65: Set | AD65: C58 | AF65: 외주 인력지원 (초급) | AG65: 외주 인력지원 (초급) M/M | AH65: 0 | AK65: DELETED
B66: A59 | E66: 인력지원 (특급) | H66: 0 | I66: - | J66: - | S66: DELETED | T66: B59 | W66: 5) Analyzer System | AA66: 2 | AB66: Set | AD66: C59 | AF66: 외주 인력지원 (중급) | AG66: 외주 인력지원 (중급) M/M | AH66: 0 | AK66: DELETED
B67: A60 | T67: B60 | W67: 6) IRP (MCC) | AA67: 1 | AB67: Set | AD67: C60 | AF67: 외주 인력지원 (고급) | AG67: 외주 인력지원 (고급) M/M | AH67: 0 | AK67: DELETED
B68: A61 | T68: B61 | W68: 7) FACP | AA68: 7 | AB68: Set | AD68: C61 | AF68: 외주 인력지원 (특급) | AG68: 외주 인력지원 (특급) M/M | AH68: 0 | AK68: DELETED
B69: A62 | T69: B62 | W69: 8) Other Major 3rd Party System | AA69: 15 | AB69: Set | AD69: C62 | AE69: Instrument Data Sheets 난이도 | AF69: All Instruments | AG69: 1) SPI 적용-내부 | AH69: 1) | AJ69: =IF(AH69="1)","SPI-내부",IF(AH69="2)","SPI-외부",IF(AH69="3)","중","ERROR"))) -> SPI-내부
B70: A63 | T70: B63 | V70: Instrument Check List & Cable Block Diagram for Minor 3rd Party System 공통 | W70: Instrument Check List for 3rd Party System | X70: 0.3 | Y70: 0.1 | AA70: =SUM(AA72:AA79) -> 46 | AB70: Set | AD70: C63 | AG70: 2) SPI 적용-외부
B71: A64 | T71: B64 | W71: Cable Block Diagram for 3rd Party System | X71: 0.3 | Y71: 0.1 | Z71: 0.3 | AA71: =AA70 -> 46 | AB71: Set | AD71: C64 | AG71: 3) SPI 미적용
B72: A65 | T72: B65 | W72: 1) Pump | AA72: 30 | AB72: Set | AD72: C65 | AE72: FAT | AF72: System FAT 출장 지원 | AG72: - 상 : System I/O Q'ty : 20,000 pts 이상 - 중 : System I/O Q'ty : 10,000 ~ 20,000 pts - 하 : System I/O Q'ty : 10,000 pts 미만 | AH72: 자동생성 | AJ72: =IF(SUM(I8:I10)>=20000,20,IF(SUM(I8:I10)<10000,10,15)) -> 10
B73: A66 | T73: B66 | W73: 2) Chemical Injection Package | AA73: 6 | AB73: Set | AD73: C66 | AF73: 그 외 FAT 출장 지원 | AG73: Control system 외 FAT 참석 필요한 PO 수 | AH73: 1
B74: A67 | T74: B67 | W74: 3) TGS | AA74: 0 | AB74: Set | AD74: C67 | AE74: AS-BUILT 난이도 | AF74: As-Built | AG74: SPI 적용 / 미적용 | AH74: No | AJ74: =IF(AH74="Yes","SPI",IF(AH74="No","N/A","ERROR")) -> N/A
B75: A68 | T75: B68 | W75: 4) PAGA | AA75: 1 | AB75: Set | AD75: C68 | AE75: 외주정보 | AF75: 외주-GEC Capability | AG75: 외주-GEC 의 경우, HEC 대비 Capability | AH75: 0.7 | AK75: HEC 의 내부 인력 대비 GEC 의 CAPABILITY (입력 범위: 60~100%)
B76: A69 | T76: B69 | W76: 5) ECMS | AA76: 1 | AB76: Set | AD76: C69 | AF76: 외주-종합 Capability | AG76: 외주-종합 의 경우, HEC 대비 Capability | AH76: 0.7 | AK76: HEC 의 내부 인력 대비 외주-종합 의 CAPABILITY (입력 범위: 60~100%)
B77: A70 | T77: B70 | W77: 6) HVAC | AA77: 7 | AB77: Set | AD77: C70 | AE77: M/H 산출 General | AF77: Base M/H | AG77: Base M/H (per 1M/M) | AH77: 165 | AK77: PM팀에서 접수
B78: A71 | T78: B71 | W78: 7) NOVAC | AA78: 1 | AB78: Set | AD78: C71 | AF78: 설계기간 | AG78: 총 설계기간 (개월) | AH78: 12 | AK78: 프로젝트 Schedule 확인
B79: A72 | T79: B72 | W79: 8) Other 3rd Party System | AA79: 0 | AB79: Set | AD79: C72 | AF79: 외주 적용단가 | AG79: 외주-단종 적용단가 (원) | AH79: 32000 | AK79: PM팀에서 접수
B80: A73 | T80: B73 | V80: FAT 지원 | W80: Control System FAT 지원 (IFAT 포함) | X80: 0.3 | Y80: 0.1 | AD80: C73 | AG80: 외주-종합 적용단가 (원) | AH80: 39000 | AK80: PM팀에서 접수
B81: A74 | T81: B74 | W81: 그 외 FAT 지원 | X81: 0.3 | Y81: 0.1 | AD81: C74 | AG81: 외주-GEC 적용단가 (원) | AH81: 57000 | AK81: PM팀에서 접수
B82: A75 | T82: B75 | U82: 시공관련 | V82: As-built Drawing | W82: As-built Drawing | X82: 0.3 | Y82: 0.1 | Z82: 0.3 | AA82: 1 | AB82: Lot | AD82: C75 | AE82: Study/Analysis 난이도 | AF82: SIL or IPF Calculation, SRS | AG82: - 중 : 직접 Calculation을 수행 (직접수행) - 하 : 전문외주/Vendor 등을 통해 수행 (외부수행) | AH82: 직접수행 | AJ82: =IF(AH82="직접수행","중",IF(AH82="외부수행","하","ERROR")) -> 중 | AK82: 미수행 시, 직접수행으로 선택하고 대상 수량을 0으로 입력
B83: A76 | T83: B76 | U83: GEC 관련 | V83: GEC Coordination | W83: GEC 지원 및 Coordination | AA83: 0 | AB83: Month | AC83: GEC와 협의 | AD83: C76 | AF83: Intrinsic Safety Entity Calculation | AG83: - 중 : 직접 Calculation을 수행 (직접수행) - 하 : 전문외주/Vendor 등을 통해 수행 (외부수행) | AH83: 직접수행 | AJ83: =IF(AH83="직접수행","중",IF(AH83="외부수행","하","ERROR")) -> 중 | AK83: 미수행 시, 직접수행으로 선택하고 대상 수량을 0으로 입력
B84: A77 | T84: B77 | AD84: C77 | AF84: FF Entity Calculation for Segment Design | AG84: - 중 : 직접 Calculation을 수행 (직접수행) - 하 : 전문외주/Vendor 등을 통해 수행 (외부수행) | AH84: 외부수행 | AJ84: =IF(AH84="직접수행","중",IF(AH84="외부수행","하","ERROR")) -> 하 | AK84: 미수행 시, 직접수행으로 선택하고 대상 수량을 0으로 입력
B85: A78 | T85: B78 | AD85: C78
B86: A79 | T86: B79 | AD86: C79
B87: A80 | T87: B80 | AD87: C80
C97: E4 | D97: Total ICSS (DCS+ESD+F&G)+MMS IO 수량 | I97: 13360 | J97: Actual수량만 기입
C98: E5 | D98: Total F&G 계기 수량 | I98: 1308 | J98: Detectors and Alarms
C99: E6 | D99: Total Electronic 계기 수량 | I99: 2108 | J99: F&G, CV, On-off, MOV 제외
C100: E7 | D100: Total Non-Electronic 계기 수량 | I100: 2323 | J100: PSV 제외
C101: E8 | D101: Total Control Valve 수량 | I101: 112
C102: E9 | D102: Total On-off & S/D Valve 수량 | I102: 408 | J102: Deluge Vavle 포함 | AH102: 1)
C103: E10 | D103: Total MOV 수량 | I103: 130 | AH103: 2)
C104: E11 | D104: Total PSV 수량 | I104: 317 | J104: HEC 직 구매분만 | AH104: 3)
C105: E12 | D105: Total Junction Boxes 수량 | I105: 1773 | J105: HEC 직 구매분만 | AH105: 4)
C106: E13 | D106: Total ST + ET Tracing 계기수량 | I106: 0 | AH106: 5)
AH107: 6)
AH108: 7)
AH109: 8)
...

Sheet OP1_CI
A1: C&I설계 화공 실행사업 M/H 산출서 (Rev.3) | AF1: OUTPUT1_내부-산출
A2: =CONCATENATE("[ ",산출기준_CI!A5, " ]") -> [ 일반 Ver. ]
E3: 산출 Base Data Summary
D4: G4 | E4: Total ICSS (DCS+ESD+F&G)+MMS IO 수량 | G4: =SUM(Input_CI!I8:I11) -> 6300 | H4: Actual수량만 기입 | U4: Notes
D5: G5 | E5: Total F&G 계기 수량 | G5: =SUM(Input_CI!I40:I42) -> 432 | H5: Detectors and Alarms | U5: 1 | V5: Unit M/H 난이도는 도면 별 특성이나 PJT 특성 (발주처 성향, PMC 개입여부, 승인 Level 및 절차 등) 및 Condition 등을 고려하여 결정 됨
D6: G6 | E6: Total Electronic 계기 수량 | G6: =SUM(Input_CI!I30:I34)+SUM(Input_CI!I12:I20) -> 570 | H6: F&G, CV, On-off, MOV 제외 | U6: 2 | V6: UT/OS등 Package위주이거나 모든 Package를 ICSS Control시는 PKG Cable에 관련된 도면과 SPI는 추가 M/H 반영
D7: G7 | E7: Total Non-Electronic 계기 수량 | G7: =SUM(Input_CI!I35:I39) -> 181 | H7: PSV, Rupture Disk 제외 | U7: 3 | V7: Hook-up에서 Unit별로 중복도면 출도시는 장당 0.5 M/H를 적용
D8: G8 | E8: Total Control Valve 수량 | G8: =SUM(Input_CI!I21:I22,Input_CI!I25,Input_CI!I29) -> 94 | U8: 4 | V8: SPI로 부분역무만 시행하면 전체 M/H에서 ( )에 적용된 %만큼만 적용한다 (난이도별 M/H 참조)
D9: G9 | E9: Total On-off & S/D Valve 수량 | G9: =SUM(Input_CI!I23,Input_CI!I28) -> 156 | H9: Deluge Vavle 포함 | U9: 5 | V9: SPI Calulation module등이 적용 될 시는 별도 추가 M/H 반영
D10: G10 | E10: Total MOV 수량 | G10: =Input_CI!I24 -> 7 | U10: 6 | V10: SPI Spec.에서 기계 Package UCP/LCP, Fire Alarm등 ICSS와는 관련없는 부분까지 반영 요구시 추가 M/H 반영
D11: G11 | E11: Total PSV 수량 | G11: =SUM(Input_CI!I26:I27) -> 99 | H11: Rupture Disk 포함, HEC 직 구매분만
D12: G12 | E12: Total Junction Boxes 수량 | G12: =Input_CI!I45 -> 600 | H12: HEC 직 구매분만
D13: G13 | E13: Total ST + ET Tracing 계기수량 | G13: =Input_CI!I46 -> 244
D14: G14 | E14: Total Flow & Level 계기 수량 | G14: =SUM(Input_CI!I30:I31,Input_CI!I35:I37) -> 199 | H14: 포함 수량 in G6 & G7 (for 3D Library)
A15: =Input_CI!B5 -> PROJECT: Promigas CPF Project | Q15: FOR GEC | R15: FOR GEC | S15: FOR GEC | T15: FOR GEC | AD15: =Input_CI!AK5 -> 46255 | AF15: Rev.3
A16: MAN-HOUR 산출 TABLE
A17: 대분류 (G, E, P, C) | B17: 중분류 (Activity) | C17: CATEGORY | D17: MH 산출 항목 | F17: 단위 | G17: 수량 | H17: 난이도 | I17: 내부 M/H (HEC M/H) | O17: GEC M/H | Q17: GEC M/H 세부내역_내부 (내부 M/H 대체 부분) | S17: GEC M/H 세부내역_외부 (외부 M/H 대체 부분) | U17: 외부 M/H | AA17: Total M/H | AD17: Remarks
I18: Case1 | K18: Case2 | M18: Case3 | O18: Case2 & Case3 | Q18: Case2 & Case3 | S18: Case2 & Case3 | U18: Case1 | W18: Case2 | Y18: Case3 | AA18: Case1 | AB18: Case2 | AC18: Case3
I19: 외주-단종 Case | K19: 'GEC & 외주-단종' Case | M19: 'GEC & 외주-종합' Case | O19: 'GEC & 외주-단종' Case / 'GEC & 외주-종합' Case | Q19: 'GEC & 외주-단종' Case / 'GEC & 외주-종합' Case | S19: 'GEC & 외주-단종' Case / 'GEC & 외주-종합' Case | U19: 외주-단종 Case (외주-단종) | W19: 'GEC & 외주-단종' Case (외주-단종) | Y19: 'GEC & 외주-종합' Case (외주-종합) | AA19: 외주-단종 Case | AB19: GEC & 외주-단종 Case | AC19: GEC & 외주-종합 Case
I20: Unit M/H | J20: M/H | K20: Unit M/H | L20: M/H | M20: Unit M/H | N20: M/H | O20: Unit M/H | P20: M/H | Q20: Unit M/H | R20: M/H | S20: Unit M/H | T20: M/H | U20: Unit M/H | V20: M/H | W20: Unit M/H | X20: M/H | Y20: Unit M/H | Z20: M/H | AA20: Total M/H | AB20: Total M/H | AC20: Total M/H
A21: G (General) | B21: 마일스톤 연계 미팅 | C21: G1 | D21: 1) | E21: Meeting & Coordination | F21: Lot | G21: 1 | H21: =Input_CI!$AJ$8 -> 상 | I21: =IF(H21="상",산출기준_CI!F14,IF(H21="중",산출기준_CI!G14,IF(H21="하",산출기준_CI!H14,fault))) -> 120 | J21: =ROUND((G21*I21),0) -> 120 | K21: =$I21*(1-Input_CI!$F47) -> 84 | L21: =ROUND(K21*G21,0) -> 84 | M21: =$I21*(1-Input_CI!$F47-Input_CI!$G47) -> 72 | N21: =ROUND(M21*G21,0) -> 72 | O21: =Q21+S21 -> 51.428571 | P21: =R21+T21 -> 51 | Q21: =$I21*(Input_CI!$F47)/Input_CI!$AH$75 -> 51.428571 | R21: =ROUND(Q21*G21,0) -> 51 | Y21: =$U21*(1-Input_CI!$H$47)+I21*Input_CI!$G$47/Input_CI!$AH$76 -> 17.142857 | Z21: =ROUND(Y21*G21,0) -> 17 | AA21: =SUM(J21,V21) -> 120 | AB21: =L21+P21+X21 -> 135 | AC21: =N21+P21+Z21 -> 140
D22: 2) | E22: Design Review (30%, 60%, 90%) | F22: Lot | G22: 1 | H22: =Input_CI!$AJ$8 -> 상 | I22: =IF(H22="상",산출기준_CI!F15,IF(H22="중",산출기준_CI!G15,IF(H22="하",산출기준_CI!H15,fault))) -> 180 | J22: =ROUND((G22*I22),0) -> 180 | K22: =$I22*(1-Input_CI!$F48) -> 126 | L22: =ROUND(K22*G22,0) -> 126 | M22: =$I22*(1-Input_CI!$F48-Input_CI!$G48) -> 108 | N22: =ROUND(M22*G22,0) -> 108 | O22: =Q22+S22 -> 77.142857 | P22: =R22+T22 -> 77 | Q22: =$I22*(Input_CI!$F48)/Input_CI!$AH$75 -> 77.142857 | R22: =ROUND(Q22*G22,0) -> 77 | Y22: =$U22*(1-Input_CI!$H$48)+I22*Input_CI!$G$48/Input_CI!$AH$76 -> 25.714286 | Z22: =ROUND(Y22*G22,0) -> 26 | AA22: =SUM(J22,V22) -> 180 | AB22: =L22+P22+X22 -> 203 | AC22: =N22+P22+Z22 -> 211
D23: 3) | E23: Workshop (ITB, Package, VELL) | F23: Lot | G23: 1 | H23: =Input_CI!$AJ$8 -> 상 | I23: =IF(H23="상",산출기준_CI!F16,IF(H23="중",산출기준_CI!G16,IF(H23="하",산출기준_CI!H16,fault))) -> 80 | J23: =ROUND((G23*I23),0) -> 80 | K23: =$I23*(1-Input_CI!$F49) -> 80 | L23: =ROUND(K23*G23,0) -> 80 | M23: =$I23*(1-Input_CI!$F49-Input_CI!$G49) -> 80 | N23: =ROUND(M23*G23,0) -> 80 | O23: =Q23+S23 -> 0 | P23: =R23+T23 -> 0 | Q23: =$I23*(Input_CI!$F49)/Input_CI!$AH$75 -> 0 | R23: =ROUND(Q23*G23,0) -> 0 | Y23: =$U23*(1-Input_CI!$H$48)+I23*Input_CI!$G$48/Input_CI!$AH$76 -> 11.428571 | Z23: =ROUND(Y23*G23,0) -> 11 | AA23: =SUM(J23,V23) -> 80 | AB23: =L23+P23+X23 -> 80 | AC23: =N23+P23+Z23 -> 91
B24: ITB Review / FEED Verifi. / CER | C24: G2 | D24: 1) | E24: ITB Review & Interface work. | F24: Lot | G24: 1 | H24: =Input_CI!$AJ$8 -> 상 | I24: =IF(H24="상",산출기준_CI!F19,IF(H24="중",산출기준_CI!G19,IF(H24="하",산출기준_CI!H19,fault))) -> 340 | J24: =ROUND((G24*I24),0) -> 340 | K24: =$I24*(1-Input_CI!$F50) -> 238 | L24: =ROUND(K24*G24,0) -> 238 | M24: =$I24*(1-Input_CI!$F50-Input_CI!$G50) -> 204 | N24: =ROUND(M24*G24,0) -> 204 | O24: =Q24+S24 -> 145.71429 | P24: =R24+T24 -> 146 | Q24: =$I24*(Input_CI!$F50)/Input_CI!$AH$75 -> 145.71429 | R24: =ROUND(Q24*G24,0) -> 146 | Y24: =$U24*(1-Input_CI!$H$50)+I24*Input_CI!$G$50/Input_CI!$AH$76 -> 48.571429 | Z24: =ROUND(Y24*G24,0) -> 49 | AA24: =SUM(J24,V24) -> 340 | AB24: =L24+P24+X24 -> 384 | AC24: =N24+P24+Z24 -> 399
D25: 2) | E25: 발주처 협의 (Technical Clarification) | F25: 명 | G25: =Input_CI!I51 -> 5 | H25: =Input_CI!$AJ$8 -> 상 | I25: =IF(H25="상",산출기준_CI!F20,IF(H25="중",산출기준_CI!G20,IF(H25="하",산출기준_CI!H20,fault))) -> 80 | J25: =ROUND((G25*I25),0) -> 400 | K25: =$I25*(1-Input_CI!$F51) -> 56 | L25: =ROUND(K25*G25,0) -> 280 | M25: =$I25*(1-Input_CI!$F51-Input_CI!$G51) -> 48 | N25: =ROUND(M25*G25,0) -> 240 | O25: =Q25+S25 -> 34.285714 | P25: =R25+T25 -> 171 | Q25: =$I25*(Input_CI!$F51)/Input_CI!$AH$75 -> 34.285714 | R25: =ROUND(Q25*G25,0) -> 171 | Y25: =$U25*(1-Input_CI!$H$51)+I25*Input_CI!$G$51/Input_CI!$AH$76 -> 11.428571 | Z25: =ROUND(Y25*G25,0) -> 57 | AA25: =SUM(J25,V25) -> 400 | AB25: =L25+P25+X25 -> 451 | AC25: =N25+P25+Z25 -> 468
D26: 3) | E26: Feed Verification | F26: 명 | G26: =Input_CI!I52 -> 5 | H26: =Input_CI!$AJ$8 -> 상 | I26: =IF(H26="상",산출기준_CI!F21,IF(H26="중",산출기준_CI!G21,IF(H26="하",산출기준_CI!H21,fault))) -> 80 | J26: =ROUND((G26*I26),0) -> 400 | K26: =$I26*(1-Input_CI!$F52) -> 56 | L26: =ROUND(K26*G26,0) -> 280 | M26: =$I26*(1-Input_CI!$F52-Input_CI!$G52) -> 48 | N26: =ROUND(M26*G26,0) -> 240 | O26: =Q26+S26 -> 34.285714 | P26: =R26+T26 -> 171 | Q26: =$I26*(Input_CI!$F52)/Input_CI!$AH$75 -> 34.285714 | R26: =ROUND(Q26*G26,0) -> 171 | Y26: =$U26*(1-Input_CI!$H$52)+I26*Input_CI!$G$52/Input_CI!$AH$76 -> 11.428571 | Z26: =ROUND(Y26*G26,0) -> 57 | AA26: =SUM(J26,V26) -> 400 | AB26: =L26+P26+X26 -> 451 | AC26: =N26+P26+Z26 -> 468
D27: 4) | E27: Early Work | F27: 명 | G27: =Input_CI!I53 -> 0 | H27: =Input_CI!$AJ$8 -> 상 | I27: =IF(H27="상",산출기준_CI!F22,IF(H27="중",산출기준_CI!G22,IF(H27="하",산출기준_CI!H22,fault))) -> 400 | J27: =ROUND((G27*I27),0) -> 0 | K27: =$I27*(1-Input_CI!$F53) -> 280 | L27: =ROUND(K27*G27,0) -> 0 | M27: =$I27*(1-Input_CI!$F53-Input_CI!$G53) -> 240 | N27: =ROUND(M27*G27,0) -> 0 | O27: =Q27+S27 -> 171.42857 | P27: =R27+T27 -> 0 | Q27: =$I27*(Input_CI!$F53)/Input_CI!$AH$75 -> 171.42857 | R27: =ROUND(Q27*G27,0) -> 0 | Y27: =$U27*(1-Input_CI!$H$53)+I27*Input_CI!$G$53/Input_CI!$AH$76 -> 57.142857 | Z27: =ROUND(Y27*G27,0) -> 0 | AA27: =SUM(J27,V27) -> 0 | AB27: =L27+P27+X27 -> 0 | AC27: =N27+P27+Z27 -> 0
D28: 5) | E28: Cold Eye Review (Project Team) | F28: 명 | G28: =Input_CI!I54 -> 5 | H28: =Input_CI!$AJ$8 -> 상 | I28: =IF(H28="상",산출기준_CI!F23,IF(H28="중",산출기준_CI!G23,IF(H28="하",산출기준_CI!H23,fault))) -> 16 | J28: =ROUND((G28*I28),0) -> 80 | K28: =$I28*(1-Input_CI!$F54) -> 11.2 | L28: =ROUND(K28*G28,0) -> 56 | M28: =$I28*(1-Input_CI!$F54-Input_CI!$G54) -> 9.6 | N28: =ROUND(M28*G28,0) -> 48 | O28: =Q28+S28 -> 6.8571429 | P28: =R28+T28 -> 34 | Q28: =$I28*(Input_CI!$F54)/Input_CI!$AH$75 -> 6.8571429 | R28: =ROUND(Q28*G28,0) -> 34 | Y28: =$U28*(1-Input_CI!$H$53)+I28*Input_CI!$G$53/Input_CI!$AH$76 -> 2.2857143 | Z28: =ROUND(Y28*G28,0) -> 11 | AA28: =SUM(J28,V28) -> 80 | AB28: =L28+P28+X28 -> 90 | AC28: =N28+P28+Z28 -> 93
B29: Subtotal (G) | J29: =SUM(J21:J28) -> 1600 | L29: =SUM(L21:L28) -> 1144 | N29: =SUM(N21:N28) -> 992 | P29: =SUM(P21:P28) -> 650 | R29: =SUM(R21:R28) -> 650 | T29: =SUM(T21:T28) -> 0 | V29: =SUM(V21:V28) -> 0 | X29: =SUM(X21:X28) -> 0 | Z29: =SUM(Z21:Z28) -> 228 | AA29: =SUM(J29,V29) -> 1600 | AB29: =L29+P29+X29 -> 1794 | AC29: =N29+P29+Z29 -> 1870
A30: E (설계관련) | B30: Design Basis / Specification | C30: E1 | D30: 1) | E30: Technical Specification
E31: - Control System | F31: Set | G31: 0 | H31: =Input_CI!$AJ$21 -> 중 | I31: =IF(H31="상",산출기준_CI!F28,IF(H31="중",산출기준_CI!G28,IF(H31="하",산출기준_CI!H28,fault))) -> 120 | J31: =ROUND((G31*I31),0) -> 0 | K31: =$I31*(1-Input_CI!$X8) -> 84 | L31: =ROUND(K31*G31,0) -> 0 | M31: =$I31*(1-Input_CI!$X8-Input_CI!$Y8) -> 72 | N31: =ROUND(M31*G31,0) -> 0 | O31: =Q31+S31 -> 51.428571 | P31: =R31+T31 -> 0 | Q31: =$I31*(Input_CI!$X8)/Input_CI!$AH$75 -> 51.428571 | R31: =ROUND(Q31*G31,0) -> 0 | Y31: =$U31*(1-Input_CI!$Z8)+I31*Input_CI!$Y8/Input_CI!$AH$76 -> 17.142857 | Z31: =ROUND(Y31*G31,0) -> 0 | AA31: =SUM(J31,V31) -> 0 | AB31: =L31+P31+X31 -> 0 | AC31: =N31+P31+Z31 -> 0
E32: - Packaged Instrument | F32: Set | G32: 0 | H32: =Input_CI!$AJ$24 -> 중 | I32: =IF(H32="상",산출기준_CI!F29,IF(H32="중",산출기준_CI!G29,IF(H32="하",산출기준_CI!H29,fault))) -> 70 | J32: =ROUND((G32*I32),0) -> 0 | K32: =$I32*(1-Input_CI!$X9) -> 49 | L32: =ROUND(K32*G32,0) -> 0 | M32: =$I32*(1-Input_CI!$X9-Input_CI!$Y9) -> 42 | N32: =ROUND(M32*G32,0) -> 0 | O32: =Q32+S32 -> 30 | P32: =R32+T32 -> 0 | Q32: =$I32*(Input_CI!$X9)/Input_CI!$AH$75 -> 30 | R32: =ROUND(Q32*G32,0) -> 0 | Y32: =$U32*(1-Input_CI!$Z9)+I32*Input_CI!$Y9/Input_CI!$AH$76 -> 10 | Z32: =ROUND(Y32*G32,0) -> 0 | AA32: =SUM(J32,V32) -> 0 | AB32: =L32+P32+X32 -> 0 | AC32: =N32+P32+Z32 -> 0
E33: - Field Instrument | F33: Set | G33: 0 | H33: =Input_CI!$AJ$27 -> 중 | I33: =IF(H33="상",산출기준_CI!F30,IF(H33="중",산출기준_CI!G30,IF(H33="하",산출기준_CI!H30,fault))) -> 35 | J33: =ROUND((G33*I33),0) -> 0 | K33: =$I33*(1-Input_CI!$X10) -> 24.5 | L33: =ROUND(K33*G33,0) -> 0 | M33: =$I33*(1-Input_CI!$X10-Input_CI!$Y10) -> 21 | N33: =ROUND(M33*G33,0) -> 0 | O33: =Q33+S33 -> 15 | P33: =R33+T33 -> 0 | Q33: =$I33*(Input_CI!$X10)/Input_CI!$AH$75 -> 15 | R33: =ROUND(Q33*G33,0) -> 0 | Y33: =$U33*(1-Input_CI!$Z10)+I33*Input_CI!$Y10/Input_CI!$AH$76 -> 5 | Z33: =ROUND(Y33*G33,0) -> 0 | AA33: =SUM(J33,V33) -> 0 | AB33: =L33+P33+X33 -> 0 | AC33: =N33+P33+Z33 -> 0
E34: - Others | F34: Set | G34: 0 | H34: =Input_CI!$AJ$30 -> 중 | I34: =IF(H34="상",산출기준_CI!F31,IF(H34="중",산출기준_CI!G31,IF(H34="하",산출기준_CI!H31,fault))) -> 35 | J34: =ROUND((G34*I34),0) -> 0 | K34: =$I34*(1-Input_CI!$X11) -> 24.5 | L34: =ROUND(K34*G34,0) -> 0 | M34: =$I34*(1-Input_CI!$X11-Input_CI!$Y11) -> 21 | N34: =ROUND(M34*G34,0) -> 0 | O34: =Q34+S34 -> 15 | P34: =R34+T34 -> 0 | Q34: =$I34*(Input_CI!$X11)/Input_CI!$AH$75 -> 15 | R34: =ROUND(Q34*G34,0) -> 0 | Y34: =$U34*(1-Input_CI!$Z11)+I34*Input_CI!$Y11/Input_CI!$AH$76 -> 5 | Z34: =ROUND(Y34*G34,0) -> 0 | AA34: =SUM(J34,V34) -> 0 | AB34: =L34+P34+X34 -> 0 | AC34: =N34+P34+Z34 -> 0
D35: 2) | E35: Design Basis 작성 | F35: Lot | G35: 1 | H35: =Input_CI!$AJ$33 -> 상 | I35: =IF(H35="상",산출기준_CI!F32,IF(H35="중",산출기준_CI!G32,IF(H35="하",산출기준_CI!H32,fault))) -> 340 | J35: =ROUND((G35*I35),0) -> 340 | K35: =$I35*(1-Input_CI!$X12) -> 238 | L35: =ROUND(K35*G35,0) -> 238 | M35: =$I35*(1-Input_CI!$X12-Input_CI!$Y12) -> 204 | N35: =ROUND(M35*G35,0) -> 204 | O35: =Q35+S35 -> 145.71429 | P35: =R35+T35 -> 146 | Q35: =$I35*(Input_CI!$X12)/Input_CI!$AH$75 -> 145.71429 | R35: =ROUND(Q35*G35,0) -> 146 | Y35: =$U35*(1-Input_CI!$Z12)+I35*Input_CI!$Y12/Input_CI!$AH$76 -> 48.571429 | Z35: =ROUND(Y35*G35,0) -> 49 | AA35: =SUM(J35,V35) -> 340 | AB35: =L35+P35+X35 -> 384 | AC35: =N35+P35+Z35 -> 399
B36: Summary / List / Table | C36: E2 | D36: 1) | E36: Instrument Index | F36: Ea | G36: =ROUNDUP((G5+G6+G7+G8+G9+G10+G11),0) -> 1539 | H36: =Input_CI!$AJ$34 -> SPI-외부 | I36: =IF(H36="SPI-내부",산출기준_CI!E35,산출기준_CI!G35) -> 0.5 | J36: =ROUND((G36*I36),0) -> 770 | K36: =$I36*(1-Input_CI!$X13) -> 0.35 | L36: =ROUND(K36*G36,0) -> 539 | M36: =$I36*(1-Input_CI!$X13-Input_CI!$Y13) -> 0.3 | N36: =ROUND(M36*G36,0) -> 462 | O36: =Q36+S36 -> 0.27428571 | P36: =R36+T36 -> 422 | Q36: =$I36*(Input_CI!$X13)/Input_CI!$AH$75 -> 0.21428571 | R36: =ROUND(Q36*G36,0) -> 330 | S36: =U36*Input_CI!$Z13 -> 0.06 | T36: =ROUND(S36*G36,0) -> 92 | U36: =IF(H36="SPI-외부",산출기준_CI!I35,산출기준_CI!K35) -> 0.2 | V36: =ROUND((G36*U36),0) -> 308 | W36: =$U36*(1-Input_CI!$Z13) -> 0.14 | X36: =ROUND(W36*G36,0) -> 215 | Y36: =$U36*(1-Input_CI!$Z13)+I36*Input_CI!$Y13/Input_CI!$AH$76 -> 0.21142857 | Z36: =ROUND(Y36*G36,0) -> 325 | AA36: =SUM(J36,V36) -> 1078 | AB36: =L36+P36+X36 -> 1176 | AC36: =N36+P36+Z36 -> 1209 | AD36: *SPI
D37: 2) | E37: ICSS IO database (IODB) | F37: Point | G37: =ROUNDUP((G4),0) -> 6300 | H37: =Input_CI!$AJ$37 -> SPI-외부 | I37: =IF(H37="SPI-내부",산출기준_CI!E36,산출기준_CI!G36) -> 0.3 | J37: =ROUND((G37*I37),0) -> 1890 | K37: =$I37*(1-Input_CI!$X14) -> 0.21 | L37: =ROUND(K37*G37,0) -> 1323 | M37: =$I37*(1-Input_CI!$X14-Input_CI!$Y14) -> 0.18 | N37: =ROUND(M37*G37,0) -> 1134 | O37: =Q37+S37 -> 0.21857143 | P37: =R37+T37 -> 1377 | Q37: =$I37*(Input_CI!$X14)/Input_CI!$AH$75 -> 0.12857143 | R37: =ROUND(Q37*G37,0) -> 810 | S37: =U37*Input_CI!$Z14 -> 0.09 | T37: =ROUND(S37*G37,0) -> 567 | U37: =IF(H37="SPI-외부",산출기준_CI!I36,산출기준_CI!K36) -> 0.3 | V37: =ROUND((G37*U37),0) -> 1890 | W37: =$U37*(1-Input_CI!$Z14) -> 0.21 | X37: =ROUND(W37*G37,0) -> 1323 | Y37: =$U37*(1-Input_CI!$Z14)+I37*Input_CI!$Y14/Input_CI!$AH$76 -> 0.25285714 | Z37: =ROUND(Y37*G37,0) -> 1593 | AA37: =SUM(J37,V37) -> 3780 | AB37: =L37+P37+X37 -> 4023 | AC37: =N37+P37+Z37 -> 4104 | AD37: *SPI
D38: 3) | E38: Instrument Cable Schedule | F38: A4 | G38: 0 | H38: =Input_CI!$AJ$40 -> 상 | I38: =IF(H38="상",산출기준_CI!F37,IF(H38="중",산출기준_CI!G37,IF(H38="하",산출기준_CI!H37,fault))) -> 0.3 | J38: =ROUND((G38*I38),0) -> 0 | K38: =$I38*(1-Input_CI!$X15) -> 0.21 | L38: =ROUND(K38*G38,0) -> 0 | M38: =$I38*(1-Input_CI!$X15-Input_CI!$Y15) -> 0.18 | N38: =ROUND(M38*G38,0) -> 0 | O38: =Q38+S38 -> 1.3285714 | P38: =R38+T38 -> 0 | Q38: =$I38*(Input_CI!$X15)/Input_CI!$AH$75 -> 0.12857143 | R38: =ROUND(Q38*G38,0) -> 0 | S38: =U38*Input_CI!$Z15 -> 1.2 | T38: =ROUND(S38*G38,0) -> 0 | U38: =IF(H38="상",산출기준_CI!J37,IF(H38="중",산출기준_CI!K37,IF(H38="하",산출기준_CI!L37,fault))) -> 4 | V38: =ROUND((G38*U38),0) -> 0 | W38: =$U38*(1-Input_CI!$Z15) -> 2.8 | X38: =ROUND(W38*G38,0) -> 0 | Y38: =$U38*(1-Input_CI!$Z15)+I38*Input_CI!$Y15/Input_CI!$AH$76 -> 2.8428571 | Z38: =ROUND(Y38*G38,0) -> 0 | AA38: =SUM(J38,V38) -> 0 | AB38: =L38+P38+X38 -> 0 | AC38: =N38+P38+Z38 -> 0
D39: 4) | E39: UPS / Normal Power Load List | F39: Lot | G39: 1 | H39: N/A | I39: =산출기준_CI!G38 -> 50 | J39: =ROUND((G39*I39),0) -> 50 | K39: =$I39*(1-Input_CI!$X16) -> 35 | L39: =ROUND(K39*G39,0) -> 35 | M39: =$I39*(1-Input_CI!$X16-Input_CI!$Y16) -> 30 | N39: =ROUND(M39*G39,0) -> 30 | O39: =Q39+S39 -> 21.428571 | P39: =R39+T39 -> 21 | Q39: =$I39*(Input_CI!$X16)/Input_CI!$AH$75 -> 21.428571 | R39: =ROUND(Q39*G39,0) -> 21 | Y39: =$U39*(1-Input_CI!$Z16)+I39*Input_CI!$Y16/Input_CI!$AH$76 -> 7.1428571 | Z39: =ROUND(Y39*G39,0) -> 7 | AA39: =SUM(J39,V39) -> 50 | AB39: =L39+P39+X39 -> 56 | AC39: =N39+P39+Z39 -> 58
D40: 5) | E40: Heat Dissipation List | F40: Lot | G40: 1 | H40: N/A | I40: =산출기준_CI!G39 -> 50 | J40: =ROUND((G40*I40),0) -> 50 | K40: =$I40*(1-Input_CI!$X17) -> 35 | L40: =ROUND(K40*G40,0) -> 35 | M40: =$I40*(1-Input_CI!$X17-Input_CI!$Y17) -> 30 | N40: =ROUND(M40*G40,0) -> 30 | O40: =Q40+S40 -> 21.428571 | P40: =R40+T40 -> 21 | Q40: =$I40*(Input_CI!$X17)/Input_CI!$AH$75 -> 21.428571 | R40: =ROUND(Q40*G40,0) -> 21 | Y40: =$U40*(1-Input_CI!$Z17)+I40*Input_CI!$Y17/Input_CI!$AH$76 -> 7.1428571 | Z40: =ROUND(Y40*G40,0) -> 7 | AA40: =SUM(J40,V40) -> 50 | AB40: =L40+P40+X40 -> 56 | AC40: =N40+P40+Z40 -> 58
D41: 6) | E41: Electrical / Steam Tracing List | F41: Lot | G41: 1 | H41: N/A | I41: =산출기준_CI!G40 -> 100 | J41: =ROUND((G41*I41),0) -> 100 | K41: =$I41*(1-Input_CI!$X18) -> 70 | L41: =ROUND(K41*G41,0) -> 70 | M41: =$I41*(1-Input_CI!$X18-Input_CI!$Y18) -> 60 | N41: =ROUND(M41*G41,0) -> 60 | O41: =Q41+S41 -> 72.857143 | P41: =R41+T41 -> 73 | Q41: =$I41*(Input_CI!$X18)/Input_CI!$AH$75 -> 42.857143 | R41: =ROUND(Q41*G41,0) -> 43 | S41: =U41*Input_CI!$Z18 -> 30 | T41: =ROUND(S41*G41,0) -> 30 | U41: =산출기준_CI!K40 -> 100 | V41: =ROUND((G41*U41),0) -> 100 | W41: =$U41*(1-Input_CI!$Z18) -> 70 | X41: =ROUND(W41*G41,0) -> 70 | Y41: =$U41*(1-Input_CI!$Z18)+I41*Input_CI!$Y18/Input_CI!$AH$76 -> 84.285714 | Z41: =ROUND(Y41*G41,0) -> 84 | AA41: =SUM(J41,V41) -> 200 | AB41: =L41+P41+X41 -> 213 | AC41: =N41+P41+Z41 -> 217
D42: 7) | E42: 3D Library Data | F42: Ea | G42: =G8+G9+G10+G11+G14 -> 555 | H42: N/A | I42: =산출기준_CI!G41 -> 0.1 | J42: =ROUND((G42*I42),0) -> 56 | K42: =$I42*(1-Input_CI!$X19) -> 0.07 | L42: =ROUND(K42*G42,0) -> 39 | M42: =$I42*(1-Input_CI!$X19-Input_CI!$Y19) -> 0.06 | N42: =ROUND(M42*G42,0) -> 33 | O42: =Q42+S42 -> 0.042857143 | P42: =R42+T42 -> 24 | Q42: =$I42*(Input_CI!$X19)/Input_CI!$AH$75 -> 0.042857143 | R42: =ROUND(Q42*G42,0) -> 24 | Y42: =$U42*(1-Input_CI!$Z19)+I42*Input_CI!$Y19/Input_CI!$AH$76 -> 0.014285714 | Z42: =ROUND(Y42*G42,0) -> 8 | AA42: =SUM(J42,V42) -> 56 | AB42: =L42+P42+X42 -> 63 | AC42: =N42+P42+Z42 -> 65
D43: 8) | E43: Cable Tray/Duct Loading Data | F43: Lot | G43: 1 | H43: N/A | I43: =산출기준_CI!G42 -> 50 | J43: =ROUND((G43*I43),0) -> 50 | K43: =$I43*(1-Input_CI!$X20) -> 35 | L43: =ROUND(K43*G43,0) -> 35 | M43: =$I43*(1-Input_CI!$X20-Input_CI!$Y20) -> 30 | N43: =ROUND(M43*G43,0) -> 30 | O43: =Q43+S43 -> 36.428571 | P43: =R43+T43 -> 36 | Q43: =$I43*(Input_CI!$X20)/Input_CI!$AH$75 -> 21.428571 | R43: =ROUND(Q43*G43,0) -> 21 | S43: =U43*Input_CI!$Z20 -> 15 | T43: =ROUND(S43*G43,0) -> 15 | U43: =산출기준_CI!K42 -> 50 | V43: =ROUND((G43*U43),0) -> 50 | W43: =$U43*(1-Input_CI!$Z20) -> 35 | X43: =ROUND(W43*G43,0) -> 35 | Y43: =$U43*(1-Input_CI!$Z20)+I43*Input_CI!$Y20/Input_CI!$AH$76 -> 42.142857 | Z43: =ROUND(Y43*G43,0) -> 42 | AA43: =SUM(J43,V43) -> 100 | AB43: =L43+P43+X43 -> 106 | AC43: =N43+P43+Z43 -> 108
D44: 9) | E44: 타부서 Information_Others | F44: Lot | G44: 1 | H44: N/A | I44: =산출기준_CI!G43 -> 50 | J44: =ROUND((G44*I44),0) -> 50 | K44: =$I44*(1-Input_CI!$X21) -> 35 | L44: =ROUND(K44*G44,0) -> 35 | M44: =$I44*(1-Input_CI!$X21-Input_CI!$Y21) -> 30 | N44: =ROUND(M44*G44,0) -> 30 | O44: =Q44+S44 -> 36.428571 | P44: =R44+T44 -> 36 | Q44: =$I44*(Input_CI!$X21)/Input_CI!$AH$75 -> 21.428571 | R44: =ROUND(Q44*G44,0) -> 21 | S44: =U44*Input_CI!$Z21 -> 15 | T44: =ROUND(S44*G44,0) -> 15 | U44: =산출기준_CI!K43 -> 50 | V44: =ROUND((G44*U44),0) -> 50 | W44: =$U44*(1-Input_CI!$Z21) -> 35 | X44: =ROUND(W44*G44,0) -> 35 | Y44: =$U44*(1-Input_CI!$Z21)+I44*Input_CI!$Y21/Input_CI!$AH$76 -> 42.142857 | Z44: =ROUND(Y44*G44,0) -> 42 | AA44: =SUM(J44,V44) -> 100 | AB44: =L44+P44+X44 -> 106 | AC44: =N44+P44+Z44 -> 108
B45: Calculation | C45: E3 | D45: 1) | E45: Wake Frequency Calculation for Thermowell | F45: Ea | G45: =Input_CI!$AA$22 -> 0 | H45: N/A | I45: =산출기준_CI!G46 -> 0.5 | J45: =ROUND((G45*I45),0) -> 0 | K45: =$I45*(1-Input_CI!$X22) -> 0.35 | L45: =ROUND(K45*G45,0) -> 0 | M45: =$I45*(1-Input_CI!$X22-Input_CI!$Y22) -> 0.3 | N45: =ROUND(M45*G45,0) -> 0 | O45: =Q45+S45 -> 0.21428571 | P45: =R45+T45 -> 0 | Q45: =$I45*(Input_CI!$X22)/Input_CI!$AH$75 -> 0.21428571 | R45: =ROUND(Q45*G45,0) -> 0 | Y45: =$U45*(1-Input_CI!$Z22)+I45*Input_CI!$Y22/Input_CI!$AH$76 -> 0.071428571 | Z45: =ROUND(Y45*G45,0) -> 0 | AA45: =SUM(J45,V45) -> 0 | AB45: =L45+P45+X45 -> 0 | AC45: =N45+P45+Z45 -> 0
D46: 2) | E46: Cv (Valve Coefficient) Calculation for Sizing | F46: Ea | G46: =Input_CI!$AA$23 -> 0 | H46: =Input_CI!$AJ$41 -> N/A | I46: =IF(H46="SPI",산출기준_CI!E47,IF(H46="N/A",산출기준_CI!G47,fault)) -> 0.5 | J46: =ROUND((G46*I46),0) -> 0 | K46: =$I46*(1-Input_CI!$X23) -> 0.35 | L46: =ROUND(K46*G46,0) -> 0 | M46: =$I46*(1-Input_CI!$X23-Input_CI!$Y23) -> 0.3 | N46: =ROUND(M46*G46,0) -> 0 | O46: =Q46+S46 -> 0.21428571 | P46: =R46+T46 -> 0 | Q46: =$I46*(Input_CI!$X23)/Input_CI!$AH$75 -> 0.21428571 | R46: =ROUND(Q46*G46,0) -> 0 | Y46: =$U46*(1-Input_CI!$Z23)+I46*Input_CI!$Y23/Input_CI!$AH$76 -> 0.071428571 | Z46: =ROUND(Y46*G46,0) -> 0 | AA46: =SUM(J46,V46) -> 0 | AB46: =L46+P46+X46 -> 0 | AC46: =N46+P46+Z46 -> 0
D47: 3) | E47: PSV Orificice Calculation for Sizing | F47: Ea | G47: =Input_CI!$AA$24 -> 0 | H47: =Input_CI!$AJ$42 -> N/A | I47: =IF(H47="SPI",산출기준_CI!E48,IF(H47="N/A",산출기준_CI!G48,fault)) -> 0.5 | J47: =ROUND((G47*I47),0) -> 0 | K47: =$I47*(1-Input_CI!$X24) -> 0.35 | L47: =ROUND(K47*G47,0) -> 0 | M47: =$I47*(1-Input_CI!$X24-Input_CI!$Y24) -> 0.3 | N47: =ROUND(M47*G47,0) -> 0 | O47: =Q47+S47 -> 0.21428571 | P47: =R47+T47 -> 0 | Q47: =$I47*(Input_CI!$X24)/Input_CI!$AH$75 -> 0.21428571 | R47: =ROUND(Q47*G47,0) -> 0 | Y47: =$U47*(1-Input_CI!$Z24)+I47*Input_CI!$Y24/Input_CI!$AH$76 -> 0.071428571 | Z47: =ROUND(Y47*G47,0) -> 0 | AA47: =SUM(J47,V47) -> 0 | AB47: =L47+P47+X47 -> 0 | AC47: =N47+P47+Z47 -> 0
D48: 4) | E48: Flow Element Calculation | F48: Ea | G48: =Input_CI!$AA$25 -> 0 | H48: =Input_CI!$AJ$43 -> N/A | I48: =IF(H48="SPI",산출기준_CI!E49,IF(H48="N/A",산출기준_CI!G49,fault)) -> 0.5 | J48: =ROUND((G48*I48),0) -> 0 | K48: =$I48*(1-Input_CI!$X25) -> 0.35 | L48: =ROUND(K48*G48,0) -> 0 | M48: =$I48*(1-Input_CI!$X25-Input_CI!$Y25) -> 0.3 | N48: =ROUND(M48*G48,0) -> 0 | O48: =Q48+S48 -> 0.21428571 | P48: =R48+T48 -> 0 | Q48: =$I48*(Input_CI!$X25)/Input_CI!$AH$75 -> 0.21428571 | R48: =ROUND(Q48*G48,0) -> 0 | Y48: =$U48*(1-Input_CI!$Z25)+I48*Input_CI!$Y25/Input_CI!$AH$76 -> 0.071428571 | Z48: =ROUND(Y48*G48,0) -> 0 | AA48: =SUM(J48,V48) -> 0 | AB48: =L48+P48+X48 -> 0 | AC48: =N48+P48+Z48 -> 0
B49: Study / Analysis | C49: E4 | D49: 1) | E49: SIL or IPF Calculation, Safety Requirement Specification (SRS) | F49: Ea | G49: =Input_CI!$AA$26 -> 200 | H49: =Input_CI!$AJ$82 -> 중 | I49: {=IF(H49="중",산출기준_CI!G52,IF(H49="하",산출기준_CI!H52,fault))} -> 1.5 | J49: =ROUND((G49*I49),0) -> 300 | K49: =$I49*(1-Input_CI!$X26) -> 1.05 | L49: =ROUND(K49*G49,0) -> 210 | M49: =$I49*(1-Input_CI!$X26-Input_CI!$Y26) -> 0.9 | N49: =ROUND(M49*G49,0) -> 180 | O49: =Q49+S49 -> 0.64285714 | P49: =R49+T49 -> 129 | Q49: =$I49*(Input_CI!$X26)/Input_CI!$AH$75 -> 0.64285714 | R49: =ROUND(Q49*G49,0) -> 129 | Y49: =$U49*(1-Input_CI!$Z26)+I49*Input_CI!$Y26/Input_CI!$AH$76 -> 0.21428571 | Z49: =ROUND(Y49*G49,0) -> 43 | AA49: =SUM(J49,V49) -> 300 | AB49: =L49+P49+X49 -> 339 | AC49: =N49+P49+Z49 -> 352
D50: 2) | E50: Intrinsic Safety Entity Calculation | F50: Ea | G50: =Input_CI!$AA$27 -> 0 | H50: =Input_CI!$AJ$83 -> 중 | I50: {=IF(H50="중",산출기준_CI!G53,IF(H50="하",산출기준_CI!H53,fault))} -> 0.5 | J50: =ROUND((G50*I50),0) -> 0 | K50: =$I50*(1-Input_CI!$X27) -> 0.35 | L50: =ROUND(K50*G50,0) -> 0 | M50: =$I50*(1-Input_CI!$X27-Input_CI!$Y27) -> 0.3 | N50: =ROUND(M50*G50,0) -> 0 | O50: =Q50+S50 -> 0.21428571 | P50: =R50+T50 -> 0 | Q50: =$I50*(Input_CI!$X27)/Input_CI!$AH$75 -> 0.21428571 | R50: =ROUND(Q50*G50,0) -> 0 | Y50: =$U50*(1-Input_CI!$Z27)+I50*Input_CI!$Y27/Input_CI!$AH$76 -> 0.071428571 | Z50: =ROUND(Y50*G50,0) -> 0 | AA50: =SUM(J50,V50) -> 0 | AB50: =L50+P50+X50 -> 0 | AC50: =N50+P50+Z50 -> 0
D51: 3) | E51: FF Entity Calculation for Segment Design | F51: Ea | G51: =Input_CI!$AA$28 -> 0 | H51: =Input_CI!$AJ$84 -> 하 | I51: {=IF(H51="중",산출기준_CI!G54,IF(H51="하",산출기준_CI!H54,fault))} -> 0.3 | J51: =ROUND((G51*I51),0) -> 0 | K51: =$I51*(1-Input_CI!$X28) -> 0.21 | L51: =ROUND(K51*G51,0) -> 0 | M51: =$I51*(1-Input_CI!$X28-Input_CI!$Y28) -> 0.18 | N51: =ROUND(M51*G51,0) -> 0 | O51: =Q51+S51 -> 0.12857143 | P51: =R51+T51 -> 0 | Q51: =$I51*(Input_CI!$X28)/Input_CI!$AH$75 -> 0.12857143 | R51: =ROUND(Q51*G51,0) -> 0 | Y51: =$U51*(1-Input_CI!$Z28)+I51*Input_CI!$Y28/Input_CI!$AH$76 -> 0.042857143 | Z51: =ROUND(Y51*G51,0) -> 0 | AA51: =SUM(J51,V51) -> 0 | AB51: =L51+P51+X51 -> 0 | AC51: =N51+P51+Z51 -> 0
B52: Drawing | C52: E5 | D52: 1) | E52: Control System Configuration | F52: A3 | G52: =Input_CI!$AA$29 -> 3 | H52: =Input_CI!$AJ$44 -> 중 | I52: =IF(H52="상",산출기준_CI!F57,IF(H52="중",산출기준_CI!G57,IF(H52="하",산출기준_CI!H57,fault))) -> 80 | J52: =ROUND((G52*I52),0) -> 240 | K52: =$I52*(1-Input_CI!$X29) -> 56 | L52: =ROUND(K52*G52,0) -> 168 | M52: =$I52*(1-Input_CI!$X29-Input_CI!$Y29) -> 48 | N52: =ROUND(M52*G52,0) -> 144 | O52: =Q52+S52 -> 35.485714 | P52: =R52+T52 -> 107 | Q52: =$I52*(Input_CI!$X29)/Input_CI!$AH$75 -> 34.285714 | R52: =ROUND(Q52*G52,0) -> 103 | S52: =U52*Input_CI!$Z29 -> 1.2 | T52: =ROUND(S52*G52,0) -> 4 | U52: =IF(H52="상",산출기준_CI!J57,IF(H52="중",산출기준_CI!K57,IF(H52="하",산출기준_CI!L57,fault))) -> 4 | V52: =ROUND((G52*U52),0) -> 12 | W52: =$U52*(1-Input_CI!$Z29) -> 2.8 | X52: =ROUND(W52*G52,0) -> 8 | Y52: =$U52*(1-Input_CI!$Z29)+I52*Input_CI!$Y29/Input_CI!$AH$76 -> 14.228571 | Z52: =ROUND(Y52*G52,0) -> 43 | AA52: =SUM(J52,V52) -> 252 | AB52: =L52+P52+X52 -> 283 | AC52: =N52+P52+Z52 -> 294
D53: 2) | E53: Inst Earthing philosophy (if req'd) | F53: A3 | G53: =Input_CI!$AA$30 -> 2 | H53: =Input_CI!$AJ$47 -> 중 | I53: =IF(H53="상",산출기준_CI!F58,IF(H53="중",산출기준_CI!G58,IF(H53="하",산출기준_CI!H58,fault))) -> 5 | J53: =ROUND((G53*I53),0) -> 10 | K53: =$I53*(1-Input_CI!$X30) -> 3.5 | L53: =ROUND(K53*G53,0) -> 7 | M53: =$I53*(1-Input_CI!$X30-Input_CI!$Y30) -> 3 | N53: =ROUND(M53*G53,0) -> 6 | O53: =Q53+S53 -> 8.1428571 | P53: =R53+T53 -> 16 | Q53: =$I53*(Input_CI!$X30)/Input_CI!$AH$75 -> 2.1428571 | R53: =ROUND(Q53*G53,0) -> 4 | S53: =U53*Input_CI!$Z30 -> 6 | T53: =ROUND(S53*G53,0) -> 12 | U53: =IF(H53="상",산출기준_CI!J58,IF(H53="중",산출기준_CI!K58,IF(H53="하",산출기준_CI!L58,fault))) -> 20 | V53: =ROUND((G53*U53),0) -> 40 | W53: =$U53*(1-Input_CI!$Z30) -> 14 | X53: =ROUND(W53*G53,0) -> 28 | Y53: =$U53*(1-Input_CI!$Z30)+I53*Input_CI!$Y30/Input_CI!$AH$76 -> 14.714286 | Z53: =ROUND(Y53*G53,0) -> 29 | AA53: =SUM(J53,V53) -> 50 | AB53: =L53+P53+X53 -> 51 | AC53: =N53+P53+Z53 -> 51
D54: 3) | E54: Instrument Key Plan for Layout Drawings | F54: A1 | G54: =Input_CI!$AA$31 -> 6 | H54: =Input_CI!$AJ$49 -> 상 | I54: =IF(H54="상",산출기준_CI!F59,IF(H54="중",산출기준_CI!G59,IF(H54="하",산출기준_CI!H59,fault))) -> 2 | J54: =ROUND((G54*I54),0) -> 12 | K54: =$I54*(1-Input_CI!$X31) -> 1.4 | L54: =ROUND(K54*G54,0) -> 8 | M54: =$I54*(1-Input_CI!$X31-Input_CI!$Y31) -> 1.2 | N54: =ROUND(M54*G54,0) -> 7 | O54: =Q54+S54 -> 8.3571429 | P54: =R54+T54 -> 50 | Q54: =$I54*(Input_CI!$X31)/Input_CI!$AH$75 -> 0.85714286 | R54: =ROUND(Q54*G54,0) -> 5 | S54: =U54*Input_CI!$Z31 -> 7.5 | T54: =ROUND(S54*G54,0) -> 45 | U54: =IF(H54="상",산출기준_CI!J59,IF(H54="중",산출기준_CI!K59,IF(H54="하",산출기준_CI!L59,fault))) -> 25 | V54: =ROUND((G54*U54),0) -> 150 | W54: =$U54*(1-Input_CI!$Z31) -> 17.5 | X54: =ROUND(W54*G54,0) -> 105 | Y54: =$U54*(1-Input_CI!$Z31)+I54*Input_CI!$Y31/Input_CI!$AH$76 -> 17.785714 | Z54: =ROUND(Y54*G54,0) -> 107 | AA54: =SUM(J54,V54) -> 162 | AB54: =L54+P54+X54 -> 163 | AC54: =N54+P54+Z54 -> 164
D55: 4) | E55: Symbol & Legends for Inst. Layout Drawings | F55: A3 | G55: =Input_CI!$AA$32 -> 2 | H55: =Input_CI!$AJ$49 -> 상 | I55: =IF(H55="상",산출기준_CI!F60,IF(H55="중",산출기준_CI!G60,IF(H55="하",산출기준_CI!H60,fault))) -> 5 | J55: =ROUND((G55*I55),0) -> 10 | K55: =$I55*(1-Input_CI!$X32) -> 3.5 | L55: =ROUND(K55*G55,0) -> 7 | M55: =$I55*(1-Input_CI!$X32-Input_CI!$Y32) -> 3 | N55: =ROUND(M55*G55,0) -> 6 | O55: =Q55+S55 -> 14.142857 | P55: =R55+T55 -> 28 | Q55: =$I55*(Input_CI!$X32)/Input_CI!$AH$75 -> 2.1428571 | R55: =ROUND(Q55*G55,0) -> 4 | S55: =U55*Input_CI!$Z32 -> 12 | T55: =ROUND(S55*G55,0) -> 24 | U55: =IF(H55="상",산출기준_CI!J60,IF(H55="중",산출기준_CI!K60,IF(H55="하",산출기준_CI!L60,fault))) -> 40 | V55: =ROUND((G55*U55),0) -> 80 | W55: =$U55*(1-Input_CI!$Z32) -> 28 | X55: =ROUND(W55*G55,0) -> 56 | Y55: =$U55*(1-Input_CI!$Z32)+I55*Input_CI!$Y32/Input_CI!$AH$76 -> 28.714286 | Z55: =ROUND(Y55*G55,0) -> 57 | AA55: =SUM(J55,V55) -> 90 | AB55: =L55+P55+X55 -> 91 | AC55: =N55+P55+Z55 -> 91
D56: 5) | E56: Instrument Location Plan | F56: A1 | G56: 0 | H56: =Input_CI!$AJ$49 -> 상 | I56: =IF(H56="상",산출기준_CI!F61,IF(H56="중",산출기준_CI!G61,IF(H56="하",산출기준_CI!H61,fault))) -> 2 | J56: =ROUND((G56*I56),0) -> 0 | K56: =$I56*(1-Input_CI!$X33) -> 1.4 | L56: =ROUND(K56*G56,0) -> 0 | M56: =$I56*(1-Input_CI!$X33-Input_CI!$Y33) -> 1.2 | N56: =ROUND(M56*G56,0) -> 0 | O56: =Q56+S56 -> 6.5571429 | P56: =R56+T56 -> 0 | Q56: =$I56*(Input_CI!$X33)/Input_CI!$AH$75 -> 0.85714286 | R56: =ROUND(Q56*G56,0) -> 0 | S56: =U56*Input_CI!$Z33 -> 5.7 | T56: =ROUND(S56*G56,0) -> 0 | U56: =IF(H56="상",산출기준_CI!J61,IF(H56="중",산출기준_CI!K61,IF(H56="하",산출기준_CI!L61,fault))) -> 19 | V56: =ROUND((G56*U56),0) -> 0 | W56: =$U56*(1-Input_CI!$Z33) -> 13.3 | X56: =ROUND(W56*G56,0) -> 0 | Y56: =$U56*(1-Input_CI!$Z33)+I56*Input_CI!$Y33/Input_CI!$AH$76 -> 13.585714 | Z56: =ROUND(Y56*G56,0) -> 0 | AA56: =SUM(J56,V56) -> 0 | AB56: =L56+P56+X56 -> 0 | AC56: =N56+P56+Z56 -> 0
D57: 6) | E57: Main Cable Routing layout | F57: A1 | G57: =ROUNDUP((G59*0.6),0) -> 0 | H57: =Input_CI!$AJ$49 -> 상 | I57: =IF(H57="상",산출기준_CI!F62,IF(H57="중",산출기준_CI!G62,IF(H57="하",산출기준_CI!H62,fault))) -> 5 | J57: =ROUND((G57*I57),0) -> 0 | K57: =$I57*(1-Input_CI!$X34) -> 3.5 | L57: =ROUND(K57*G57,0) -> 0 | M57: =$I57*(1-Input_CI!$X34-Input_CI!$Y34) -> 3 | N57: =ROUND(M57*G57,0) -> 0 | O57: =Q57+S57 -> 16.842857 | P57: =R57+T57 -> 0 | Q57: =$I57*(Input_CI!$X34)/Input_CI!$AH$75 -> 2.1428571 | R57: =ROUND(Q57*G57,0) -> 0 | S57: =U57*Input_CI!$Z34 -> 14.7 | T57: =ROUND(S57*G57,0) -> 0 | U57: =IF(H57="상",산출기준_CI!J62,IF(H57="중",산출기준_CI!K62,IF(H57="하",산출기준_CI!L62,fault))) -> 49 | V57: =ROUND((G57*U57),0) -> 0 | W57: =$U57*(1-Input_CI!$Z34) -> 34.3 | X57: =ROUND(W57*G57,0) -> 0 | Y57: =$U57*(1-Input_CI!$Z34)+I57*Input_CI!$Y34/Input_CI!$AH$76 -> 35.014286 | Z57: =ROUND(Y57*G57,0) -> 0 | AA57: =SUM(J57,V57) -> 0 | AB57: =L57+P57+X57 -> 0 | AC57: =N57+P57+Z57 -> 0
D58: 7) | E58: Cable (Duct) Tray Layout | F58: A1 | G58: 17 | H58: =Input_CI!$AJ$49 -> 상 | I58: =IF(H58="상",산출기준_CI!F63,IF(H58="중",산출기준_CI!G63,IF(H58="하",산출기준_CI!H63,fault))) -> 2.5 | J58: =ROUND((G58*I58),0) -> 43 | K58: =$I58*(1-Input_CI!$X35) -> 1.75 | L58: =ROUND(K58*G58,0) -> 30 | M58: =$I58*(1-Input_CI!$X35-Input_CI!$Y35) -> 1.5 | N58: =ROUND(M58*G58,0) -> 26 | O58: =Q58+S58 -> 13.071429 | P58: =R58+T58 -> 222 | Q58: =$I58*(Input_CI!$X35)/Input_CI!$AH$75 -> 1.0714286 | R58: =ROUND(Q58*G58,0) -> 18 | S58: =U58*Input_CI!$Z35 -> 12 | T58: =ROUND(S58*G58,0) -> 204 | U58: =IF(H58="상",산출기준_CI!J63,IF(H58="중",산출기준_CI!K63,IF(H58="하",산출기준_CI!L63,fault))) -> 40 | V58: =ROUND((G58*U58),0) -> 680 | W58: =$U58*(1-Input_CI!$Z35) -> 28 | X58: =ROUND(W58*G58,0) -> 476 | Y58: =$U58*(1-Input_CI!$Z35)+I58*Input_CI!$Y35/Input_CI!$AH$76 -> 28.357143 | Z58: =ROUND(Y58*G58,0) -> 482 | AA58: =SUM(J58,V58) -> 723 | AB58: =L58+P58+X58 -> 728 | AC58: =N58+P58+Z58 -> 730
D59: 8) | E59: Instrument Wiring Layout | F59: A1 | G59: 0 | H59: =Input_CI!$AJ$49 -> 상 | I59: =IF(H59="상",산출기준_CI!F64,IF(H59="중",산출기준_CI!G64,IF(H59="하",산출기준_CI!H64,fault))) -> 4 | J59: =ROUND((G59*I59),0) -> 0 | K59: =$I59*(1-Input_CI!$X36) -> 2.8 | L59: =ROUND(K59*G59,0) -> 0 | M59: =$I59*(1-Input_CI!$X36-Input_CI!$Y36) -> 2.4 | N59: =ROUND(M59*G59,0) -> 0 | O59: =Q59+S59 -> 21.814286 | P59: =R59+T59 -> 0 | Q59: =$I59*(Input_CI!$X36)/Input_CI!$AH$75 -> 1.7142857 | R59: =ROUND(Q59*G59,0) -> 0 | S59: =U59*Input_CI!$Z36 -> 20.1 | T59: =ROUND(S59*G59,0) -> 0 | U59: =IF(H59="상",산출기준_CI!J64,IF(H59="중",산출기준_CI!K64,IF(H59="하",산출기준_CI!L64,fault))) -> 67 | V59: =ROUND((G59*U59),0) -> 0 | W59: =$U59*(1-Input_CI!$Z36) -> 46.9 | X59: =ROUND(W59*G59,0) -> 0 | Y59: =$U59*(1-Input_CI!$Z36)+I59*Input_CI!$Y36/Input_CI!$AH$76 -> 47.471429 | Z59: =ROUND(Y59*G59,0) -> 0 | AA59: =SUM(J59,V59) -> 0 | AB59: =L59+P59+X59 -> 0 | AC59: =N59+P59+Z59 -> 0
D60: 9) | E60: F&G Wiring Layout | F60: A1 | G60: 0 | H60: =Input_CI!$AJ$49 -> 상 | I60: =IF(H60="상",산출기준_CI!F65,IF(H60="중",산출기준_CI!G65,IF(H60="하",산출기준_CI!H65,fault))) -> 3 | J60: =ROUND((G60*I60),0) -> 0 | K60: =$I60*(1-Input_CI!$X37) -> 2.1 | L60: =ROUND(K60*G60,0) -> 0 | M60: =$I60*(1-Input_CI!$X37-Input_CI!$Y37) -> 1.8 | N60: =ROUND(M60*G60,0) -> 0 | O60: =Q60+S60 -> 16.285714 | P60: =R60+T60 -> 0 | Q60: =$I60*(Input_CI!$X37)/Input_CI!$AH$75 -> 1.2857143 | R60: =ROUND(Q60*G60,0) -> 0 | S60: =U60*Input_CI!$Z37 -> 15 | T60: =ROUND(S60*G60,0) -> 0 | U60: =IF(H60="상",산출기준_CI!J65,IF(H60="중",산출기준_CI!K65,IF(H60="하",산출기준_CI!L65,fault))) -> 50 | V60: =ROUND((G60*U60),0) -> 0 | W60: =$U60*(1-Input_CI!$Z37) -> 35 | X60: =ROUND(W60*G60,0) -> 0 | Y60: =$U60*(1-Input_CI!$Z37)+I60*Input_CI!$Y37/Input_CI!$AH$76 -> 35.428571 | Z60: =ROUND(Y60*G60,0) -> 0 | AA60: =SUM(J60,V60) -> 0 | AB60: =L60+P60+X60 -> 0 | AC60: =N60+P60+Z60 -> 0
D61: 10) | E61: Instrument Air Piping Layout | F61: A1 | G61: 0 | H61: =Input_CI!$AJ$49 -> 상 | I61: =IF(H61="상",산출기준_CI!F66,IF(H61="중",산출기준_CI!G66,IF(H61="하",산출기준_CI!H66,fault))) -> 3 | J61: =ROUND((G61*I61),0) -> 0 | K61: =$I61*(1-Input_CI!$X38) -> 2.1 | L61: =ROUND(K61*G61,0) -> 0 | M61: =$I61*(1-Input_CI!$X38-Input_CI!$Y38) -> 1.8 | N61: =ROUND(M61*G61,0) -> 0 | O61: =Q61+S61 -> 11.485714 | P61: =R61+T61 -> 0 | Q61: =$I61*(Input_CI!$X38)/Input_CI!$AH$75 -> 1.2857143 | R61: =ROUND(Q61*G61,0) -> 0 | S61: =U61*Input_CI!$Z38 -> 10.2 | T61: =ROUND(S61*G61,0) -> 0 | U61: =IF(H61="상",산출기준_CI!J66,IF(H61="중",산출기준_CI!K66,IF(H61="하",산출기준_CI!L66,fault))) -> 34 | V61: =ROUND((G61*U61),0) -> 0 | W61: =$U61*(1-Input_CI!$Z38) -> 23.8 | X61: =ROUND(W61*G61,0) -> 0 | Y61: =$U61*(1-Input_CI!$Z38)+I61*Input_CI!$Y38/Input_CI!$AH$76 -> 24.228571 | Z61: =ROUND(Y61*G61,0) -> 0 | AA61: =SUM(J61,V61) -> 0 | AB61: =L61+P61+X61 -> 0 | AC61: =N61+P61+Z61 -> 0
D62: 11) | E62: Control Room / PIB Equipment layout | F62: A1 | G62: =Input_CI!$AA$40 -> 12 | H62: =Input_CI!$AJ$49 -> 상 | I62: =IF(H62="상",산출기준_CI!F67,IF(H62="중",산출기준_CI!G67,IF(H62="하",산출기준_CI!H67,fault))) -> 3 | J62: =ROUND((G62*I62),0) -> 36 | K62: =$I62*(1-Input_CI!$X40) -> 2.1 | L62: =ROUND(K62*G62,0) -> 25 | M62: =$I62*(1-Input_CI!$X40-Input_CI!$Y40) -> 1.8 | N62: =ROUND(M62*G62,0) -> 22 | O62: =Q62+S62 -> 11.485714 | P62: =R62+T62 -> 137 | Q62: =$I62*(Input_CI!$X40)/Input_CI!$AH$75 -> 1.2857143 | R62: =ROUND(Q62*G62,0) -> 15 | S62: =U62*Input_CI!$Z40 -> 10.2 | T62: =ROUND(S62*G62,0) -> 122 | U62: =IF(H62="상",산출기준_CI!J67,IF(H62="중",산출기준_CI!K67,IF(H62="하",산출기준_CI!L67,fault))) -> 34 | V62: =ROUND((G62*U62),0) -> 408 | W62: =$U62*(1-Input_CI!$Z40) -> 23.8 | X62: =ROUND(W62*G62,0) -> 286 | Y62: =$U62*(1-Input_CI!$Z40)+I62*Input_CI!$Y40/Input_CI!$AH$76 -> 24.228571 | Z62: =ROUND(Y62*G62,0) -> 291 | AA62: =SUM(J62,V62) -> 444 | AB62: =L62+P62+X62 -> 448 | AC62: =N62+P62+Z62 -> 450
D63: 12) | E63: Control Room / PIB Cable Tray Layout | F63: A1 | G63: =Input_CI!$AA$41 -> 8 | H63: =Input_CI!$AJ$49 -> 상 | I63: =IF(H63="상",산출기준_CI!F68,IF(H63="중",산출기준_CI!G68,IF(H63="하",산출기준_CI!H68,fault))) -> 4 | J63: =ROUND((G63*I63),0) -> 32 | K63: =$I63*(1-Input_CI!$X41) -> 2.8 | L63: =ROUND(K63*G63,0) -> 22 | M63: =$I63*(1-Input_CI!$X41-Input_CI!$Y41) -> 2.4 | N63: =ROUND(M63*G63,0) -> 19 | O63: =Q63+S63 -> 13.714286 | P63: =R63+T63 -> 110 | Q63: =$I63*(Input_CI!$X41)/Input_CI!$AH$75 -> 1.7142857 | R63: =ROUND(Q63*G63,0) -> 14 | S63: =U63*Input_CI!$Z41 -> 12 | T63: =ROUND(S63*G63,0) -> 96 | U63: =IF(H63="상",산출기준_CI!J68,IF(H63="중",산출기준_CI!K68,IF(H63="하",산출기준_CI!L68,fault))) -> 40 | V63: =ROUND((G63*U63),0) -> 320 | W63: =$U63*(1-Input_CI!$Z41) -> 28 | X63: =ROUND(W63*G63,0) -> 224 | Y63: =$U63*(1-Input_CI!$Z41)+I63*Input_CI!$Y41/Input_CI!$AH$76 -> 28.571429 | Z63: =ROUND(Y63*G63,0) -> 229 | AA63: =SUM(J63,V63) -> 352 | AB63: =L63+P63+X63 -> 356 | AC63: =N63+P63+Z63 -> 358
D64: 13) | E64: Control Room / PIB Earthing Layout | F64: A1 | G64: =Input_CI!$AA$42 -> 8 | H64: =Input_CI!$AJ$49 -> 상 | I64: =IF(H64="상",산출기준_CI!F69,IF(H64="중",산출기준_CI!G69,IF(H64="하",산출기준_CI!H69,fault))) -> 2 | J64: =ROUND((G64*I64),0) -> 16 | K64: =$I64*(1-Input_CI!$X42) -> 1.4 | L64: =ROUND(K64*G64,0) -> 11 | M64: =$I64*(1-Input_CI!$X42-Input_CI!$Y42) -> 1.2 | N64: =ROUND(M64*G64,0) -> 10 | O64: =Q64+S64 -> 6.5571429 | P64: =R64+T64 -> 53 | Q64: =$I64*(Input_CI!$X42)/Input_CI!$AH$75 -> 0.85714286 | R64: =ROUND(Q64*G64,0) -> 7 | S64: =U64*Input_CI!$Z42 -> 5.7 | T64: =ROUND(S64*G64,0) -> 46 | U64: =IF(H64="상",산출기준_CI!J69,IF(H64="중",산출기준_CI!K69,IF(H64="하",산출기준_CI!L69,fault))) -> 19 | V64: =ROUND((G64*U64),0) -> 152 | W64: =$U64*(1-Input_CI!$Z42) -> 13.3 | X64: =ROUND(W64*G64,0) -> 106 | Y64: =$U64*(1-Input_CI!$Z42)+I64*Input_CI!$Y42/Input_CI!$AH$76 -> 13.585714 | Z64: =ROUND(Y64*G64,0) -> 109 | AA64: =SUM(J64,V64) -> 168 | AB64: =L64+P64+X64 -> 170 | AC64: =N64+P64+Z64 -> 172
D65: 14) | E65: Process Hook-up drawings | F65: A4 | G65: =IF(ROUNDUP(((G7+G6)/15),0)>40, ROUNDUP(((G7+G6)/15),0), 40) -> 51 | H65: =Input_CI!$AJ$50 -> SPI | I65: =IF(H65="SPI",산출기준_CI!E70,IF(H65="상",산출기준_CI!F70,IF(H65="중",산출기준_CI!G70,IF(H65="하",산출기준_CI!H70,fault)))) -> 0.5 | J65: =ROUND((G65*I65),0) -> 26 | K65: =$I65*(1-Input_CI!$X43) -> 0.35 | L65: =ROUND(K65*G65,0) -> 18 | M65: =$I65*(1-Input_CI!$X43-Input_CI!$Y43) -> 0.3 | N65: =ROUND(M65*G65,0) -> 15 | O65: =Q65+S65 -> 1.5642857 | P65: =R65+T65 -> 80 | Q65: =$I65*(Input_CI!$X43)/Input_CI!$AH$75 -> 0.21428571 | R65: =ROUND(Q65*G65,0) -> 11 | S65: =U65*Input_CI!$Z43 -> 1.35 | T65: =ROUND(S65*G65,0) -> 69 | U65: =IF(H65="SPI",산출기준_CI!I70,IF(H65="상",산출기준_CI!J70,IF(H65="중",산출기준_CI!K70,IF(H65="하",산출기준_CI!L70,fault)))) -> 4.5 | V65: =ROUND((G65*U65),0) -> 230 | W65: =$U65*(1-Input_CI!$Z43) -> 3.15 | X65: =ROUND(W65*G65,0) -> 161 | Y65: =$U65*(1-Input_CI!$Z43)+I65*Input_CI!$Y43/Input_CI!$AH$76 -> 3.2214286 | Z65: =ROUND(Y65*G65,0) -> 164 | AA65: =SUM(J65,V65) -> 256 | AB65: =L65+P65+X65 -> 259 | AC65: =N65+P65+Z65 -> 259 | AD65: *SPI
D66: 15) | E66: Pneumatic Hook-up drawings | F66: A4 | G66: =IF(ROUNDUP(((G8+G9)/20),0)>20, ROUNDUP(((G8+G9)/20),0), 20) -> 20 | H66: =Input_CI!$AJ$51 -> SPI | I66: =IF(H66="SPI",산출기준_CI!E71,IF(H66="상",산출기준_CI!F71,IF(H66="중",산출기준_CI!G71,IF(H66="하",산출기준_CI!H71,fault)))) -> 0.5 | J66: =ROUND((G66*I66),0) -> 10 | K66: =$I66*(1-Input_CI!$X44) -> 0.35 | L66: =ROUND(K66*G66,0) -> 7 | M66: =$I66*(1-Input_CI!$X44-Input_CI!$Y44) -> 0.3 | N66: =ROUND(M66*G66,0) -> 6 | O66: =Q66+S66 -> 1.5642857 | P66: =R66+T66 -> 31 | Q66: =$I66*(Input_CI!$X44)/Input_CI!$AH$75 -> 0.21428571 | R66: =ROUND(Q66*G66,0) -> 4 | S66: =U66*Input_CI!$Z44 -> 1.35 | T66: =ROUND(S66*G66,0) -> 27 | U66: =IF(H66="SPI",산출기준_CI!I71,IF(H66="상",산출기준_CI!J71,IF(H66="중",산출기준_CI!K71,IF(H66="하",산출기준_CI!L71,fault)))) -> 4.5 | V66: =ROUND((G66*U66),0) -> 90 | W66: =$U66*(1-Input_CI!$Z44) -> 3.15 | X66: =ROUND(W66*G66,0) -> 63 | Y66: =$U66*(1-Input_CI!$Z44)+I66*Input_CI!$Y44/Input_CI!$AH$76 -> 3.2214286 | Z66: =ROUND(Y66*G66,0) -> 64 | AA66: =SUM(J66,V66) -> 100 | AB66: =L66+P66+X66 -> 101 | AC66: =N66+P66+Z66 -> 101 | AD66: *SPI
D67: 16) | E67: Steam and/or Electric Tracing Hook-up drawings | F67: A4 | G67: =IF(ROUND(Input_CI!I46/20,0)>20, ROUND(Input_CI!I46/20,0), 20) -> 20 | H67: =Input_CI!$AJ$52 -> SPI | I67: =IF(H67="SPI",산출기준_CI!E72,IF(H67="상",산출기준_CI!F72,IF(H67="중",산출기준_CI!G72,IF(H67="하",산출기준_CI!H72,fault)))) -> 0.5 | J67: =ROUND((G67*I67),0) -> 10 | K67: =$I67*(1-Input_CI!$X45) -> 0.35 | L67: =ROUND(K67*G67,0) -> 7 | M67: =$I67*(1-Input_CI!$X45-Input_CI!$Y45) -> 0.3 | N67: =ROUND(M67*G67,0) -> 6 | O67: =Q67+S67 -> 1.5642857 | P67: =R67+T67 -> 31 | Q67: =$I67*(Input_CI!$X45)/Input_CI!$AH$75 -> 0.21428571 | R67: =ROUND(Q67*G67,0) -> 4 | S67: =U67*Input_CI!$Z45 -> 1.35 | T67: =ROUND(S67*G67,0) -> 27 | U67: =IF(H67="SPI",산출기준_CI!I72,IF(H67="상",산출기준_CI!J72,IF(H67="중",산출기준_CI!K72,IF(H67="하",산출기준_CI!L72,fault)))) -> 4.5 | V67: =ROUND((G67*U67),0) -> 90 | W67: =$U67*(1-Input_CI!$Z45) -> 3.15 | X67: =ROUND(W67*G67,0) -> 63 | Y67: =$U67*(1-Input_CI!$Z45)+I67*Input_CI!$Y45/Input_CI!$AH$76 -> 3.2214286 | Z67: =ROUND(Y67*G67,0) -> 64 | AA67: =SUM(J67,V67) -> 100 | AB67: =L67+P67+X67 -> 101 | AC67: =N67+P67+Z67 -> 101 | AD67: *SPI
D68: 17) | E68: Typical Installation Detail Drawings | F68: A4 | G68: =Input_CI!$AA$46 -> 110 | H68: N/A | I68: =산출기준_CI!G73 -> 0.5 | J68: =ROUND((G68*I68),0) -> 55 | K68: =$I68*(1-Input_CI!$X46) -> 0.35 | L68: =ROUND(K68*G68,0) -> 39 | M68: =$I68*(1-Input_CI!$X46-Input_CI!$Y46) -> 0.3 | N68: =ROUND(M68*G68,0) -> 33 | O68: =Q68+S68 -> 0.81428571 | P68: =R68+T68 -> 90 | Q68: =$I68*(Input_CI!$X46)/Input_CI!$AH$75 -> 0.21428571 | R68: =ROUND(Q68*G68,0) -> 24 | S68: =U68*Input_CI!$Z46 -> 0.6 | T68: =ROUND(S68*G68,0) -> 66 | U68: =산출기준_CI!K73 -> 2 | V68: =ROUND((G68*U68),0) -> 220 | W68: =$U68*(1-Input_CI!$Z46) -> 1.4 | X68: =ROUND(W68*G68,0) -> 154 | Y68: =$U68*(1-Input_CI!$Z46)+I68*Input_CI!$Y46/Input_CI!$AH$76 -> 1.4714286 | Z68: =ROUND(Y68*G68,0) -> 162 | AA68: =SUM(J68,V68) -> 275 | AB68: =L68+P68+X68 -> 283 | AC68: =N68+P68+Z68 -> 285 | AF68: 일부 Project에서는 200장을 넘긴 경우도 있음
D69: 18) | E69: Level Sketch Drawings | F69: A3 | G69: =Input_CI!$AA$47 -> 95 | H69: N/A | I69: =산출기준_CI!G74 -> 2 | J69: =ROUND((G69*I69),0) -> 190 | K69: =$I69*(1-Input_CI!$X47) -> 1.4 | L69: =ROUND(K69*G69,0) -> 133 | M69: =$I69*(1-Input_CI!$X47-Input_CI!$Y47) -> 1.2 | N69: =ROUND(M69*G69,0) -> 114 | O69: =Q69+S69 -> 1.0071429 | P69: =R69+T69 -> 95 | Q69: =$I69*(Input_CI!$X47)/Input_CI!$AH$75 -> 0.85714286 | R69: =ROUND(Q69*G69,0) -> 81 | S69: =U69*Input_CI!$Z47 -> 0.15 | T69: =ROUND(S69*G69,0) -> 14 | U69: =산출기준_CI!K74 -> 0.5 | V69: =ROUND((G69*U69),0) -> 48 | W69: =$U69*(1-Input_CI!$Z47) -> 0.35 | X69: =ROUND(W69*G69,0) -> 33 | Y69: =$U69*(1-Input_CI!$Z47)+I69*Input_CI!$Y47/Input_CI!$AH$76 -> 0.63571429 | Z69: =ROUND(Y69*G69,0) -> 60 | AA69: =SUM(J69,V69) -> 238 | AB69: =L69+P69+X69 -> 261 | AC69: =N69+P69+Z69 -> 269
D70: 19) | E70: Instrument JB & Connection Diagram | F70: A4 | G70: 0 | H70: =Input_CI!$AJ$53 -> SPI | I70: =IF(H70="SPI",산출기준_CI!E75,산출기준_CI!G75) -> 0.5 | J70: =ROUND((G70*I70),0) -> 0 | K70: =$I70*(1-Input_CI!$X48) -> 0.35 | L70: =ROUND(K70*G70,0) -> 0 | M70: =$I70*(1-Input_CI!$X48-Input_CI!$Y48) -> 0.3 | N70: =ROUND(M70*G70,0) -> 0 | O70: =Q70+S70 -> 0.81428571 | P70: =R70+T70 -> 0 | Q70: =$I70*(Input_CI!$X48)/Input_CI!$AH$75 -> 0.21428571 | R70: =ROUND(Q70*G70,0) -> 0 | S70: =U70*Input_CI!$Z48 -> 0.6 | T70: =ROUND(S70*G70,0) -> 0 | U70: =IF(H70="SPI",산출기준_CI!I75,산출기준_CI!K75) -> 2 | V70: =ROUND((G70*U70),0) -> 0 | W70: =$U70*(1-Input_CI!$Z48) -> 1.4 | X70: =ROUND(W70*G70,0) -> 0 | Y70: =$U70*(1-Input_CI!$Z48)+I70*Input_CI!$Y48/Input_CI!$AH$76 -> 1.4714286 | Z70: =ROUND(Y70*G70,0) -> 0 | AA70: =SUM(J70,V70) -> 0 | AB70: =L70+P70+X70 -> 0 | AC70: =N70+P70+Z70 -> 0 | AD70: *SPI
D71: 20) | E71: Instrument Loop Diagram | F71: Point | G71: 0 | H71: =Input_CI!$AJ$54 -> SPI | I71: =IF(H71="SPI",산출기준_CI!E76,산출기준_CI!G76) -> 0.3 | J71: =ROUND((G71*I71),0) -> 0 | K71: =$I71*(1-Input_CI!$X49) -> 0.21 | L71: =ROUND(K71*G71,0) -> 0 | M71: =$I71*(1-Input_CI!$X49-Input_CI!$Y49) -> 0.18 | N71: =ROUND(M71*G71,0) -> 0 | O71: =Q71+S71 -> 0.27857143 | P71: =R71+T71 -> 0 | Q71: =$I71*(Input_CI!$X49)/Input_CI!$AH$75 -> 0.12857143 | R71: =ROUND(Q71*G71,0) -> 0 | S71: =U71*Input_CI!$Z49 -> 0.15 | T71: =ROUND(S71*G71,0) -> 0 | U71: =IF(H71="SPI",산출기준_CI!I76,산출기준_CI!K76) -> 0.5 | V71: =ROUND((G71*U71),0) -> 0 | W71: =$U71*(1-Input_CI!$Z49) -> 0.35 | X71: =ROUND(W71*G71,0) -> 0 | Y71: =$U71*(1-Input_CI!$Z49)+I71*Input_CI!$Y49/Input_CI!$AH$76 -> 0.39285714 | Z71: =ROUND(Y71*G71,0) -> 0 | AA71: =SUM(J71,V71) -> 0 | AB71: =L71+P71+X71 -> 0 | AC71: =N71+P71+Z71 -> 0 | AD71: *SPI
D72: 21) | E72: Logic Diagram | F72: A3 | G72: =Input_CI!$AA$50 -> 200 | H72: =Input_CI!$AJ$55 -> 중 | I72: =IF(H72="중",산출기준_CI!G77,IF(H72="하",산출기준_CI!H77,fault)) -> 2 | J72: =ROUND((G72*I72),0) -> 400 | K72: =$I72*(1-Input_CI!$X50) -> 1.4 | L72: =ROUND(K72*G72,0) -> 280 | M72: =$I72*(1-Input_CI!$X50-Input_CI!$Y50) -> 1.2 | N72: =ROUND(M72*G72,0) -> 240 | O72: =Q72+S72 -> 2.3571429 | P72: =R72+T72 -> 471 | Q72: =$I72*(Input_CI!$X50)/Input_CI!$AH$75 -> 0.85714286 | R72: =ROUND(Q72*G72,0) -> 171 | S72: =U72*Input_CI!$Z50 -> 1.5 | T72: =ROUND(S72*G72,0) -> 300 | U72: =IF(H72="중",산출기준_CI!K77,IF(H72="하",산출기준_CI!L77,fault)) -> 5 | V72: =ROUND((G72*U72),0) -> 1000 | W72: =$U72*(1-Input_CI!$Z50) -> 3.5 | X72: =ROUND(W72*G72,0) -> 700 | Y72: =$U72*(1-Input_CI!$Z50)+I72*Input_CI!$Y50/Input_CI!$AH$76 -> 3.7857143 | Z72: =ROUND(Y72*G72,0) -> 757 | AA72: =SUM(J72,V72) -> 1400 | AB72: =L72+P72+X72 -> 1451 | AC72: =N72+P72+Z72 -> 1468
B73: MTO | C73: E6 | D73: 1) | E73: BM take-off | F73: Lot | G73: 1 | H73: N/A | I73: =산출기준_CI!G80 -> 400 | J73: =ROUND((G73*I73),0) -> 400 | K73: =$I73*(1-Input_CI!$X51) -> 280 | L73: =ROUND(K73*G73,0) -> 280 | M73: =$I73*(1-Input_CI!$X51-Input_CI!$Y51) -> 240 | N73: =ROUND(M73*G73,0) -> 240 | O73: - | P73: =R73+T73 -> 441 | Q73: - | R73: =ROUND(($I73*(Input_CI!$X51)/Input_CI!$AH$75)*G73,0) -> 171 | S73: - | T73: =ROUND((V73*Input_CI!$Z51),0) -> 270 | U73: 도면매수 산정 Guide 참조 | V73: =IF(Input_CI!$I$44<200000,400,IF(Input_CI!$I$44<500000,650,IF(Input_CI!$I$44<1000000,900,IF(Input_CI!$I$44<2000000,1200,1500)))) -> 900 | W73: - | X73: =ROUND(V73-Input_CI!$Z51*V73,0) -> 630 | Y73: - | Z73: =ROUND(V73-Input_CI!$Z51*V73+J73*Input_CI!Y51/Input_CI!$AH$76,0) -> 687 | AA73: =SUM(J73,V73) -> 1300 | AB73: =L73+P73+X73 -> 1351 | AC73: =N73+P73+Z73 -> 1368
B74: 3D Modeling & IT Solution | C74: E7 | D74: SPI Admin. & SPF
D75: 1) | E75: SPI Admin. | F75: Point | G75: =ROUNDUP((G4),0) -> 6300 | H75: =Input_CI!$AJ$57 -> N/A | I75: =IF(H75="적용",산출기준_CI!E84,0) -> 0 | J75: =ROUND((G75*I75),0) -> 0 | K75: =$I75*(1-Input_CI!$F$55) -> 0 | L75: =ROUND(K75*G75,0) -> 0 | M75: =$I75*(1-Input_CI!$F$55-Input_CI!$G$55) -> 0 | N75: =ROUND(M75*G75,0) -> 0 | O75: =Q75+S75 -> 0 | P75: =R75+T75 -> 0 | Q75: =$I75*(Input_CI!$F55)/Input_CI!$AH$75 -> 0 | R75: =ROUND(Q75*G75,0) -> 0 | Y75: =$U75*(1-Input_CI!$H$55)+I75*Input_CI!$G$55/Input_CI!$AH$76 -> 0 | Z75: =ROUND(Y75*G75,0) -> 0 | AA75: =SUM(J75,V75) -> 0 | AB75: =L75+P75+X75 -> 0 | AC75: =N75+P75+Z75 -> 0
D76: 2) | E76: SPI Publishing | F76: Point | G76: =ROUNDUP((G4),0) -> 6300 | H76: =Input_CI!$AJ$58 -> N/A | I76: =IF(H76="적용",산출기준_CI!E85,0) -> 0 | J76: =ROUND((G76*I76),0) -> 0 | K76: =$I76*(1-Input_CI!$F$55) -> 0 | L76: =ROUND(K76*G76,0) -> 0 | M76: =$I76*(1-Input_CI!$F$55-Input_CI!$G$55) -> 0 | N76: =ROUND(M76*G76,0) -> 0 | O76: =Q76+S76 -> 0 | P76: =R76+T76 -> 0 | Q76: =$I76*(Input_CI!$F56)/Input_CI!$AH$75 -> 0 | R76: =ROUND(Q76*G76,0) -> 0 | Y76: =$U76*(1-Input_CI!$H$55)+I76*Input_CI!$G$55/Input_CI!$AH$76 -> 0 | Z76: =ROUND(Y76*G76,0) -> 0 | AA76: =SUM(J76,V76) -> 0 | AB76: =L76+P76+X76 -> 0 | AC76: =N76+P76+Z76 -> 0
D77: 3) | E77: SPI Input for Instrument Data Sheet (in 3rd party system) | F77: Ea | G77: 0 | H77: =Input_CI!$AJ$59 -> SPI | O77: =Q77+S77 -> 0.09 | P77: =R77+T77 -> 0 | S77: =U77*Input_CI!$H57 -> 0.09 | T77: =ROUND(S77*G77,0) -> 0 | U77: =IF(H77="SPI",산출기준_CI!I86,IF(H77="N/A",0,fault)) -> 0.3 | V77: =ROUND((G77*U77),0) -> 0 | W77: =$U77*(1-Input_CI!$H57) -> 0.21 | X77: =ROUND(W77*G77,0) -> 0 | Y77: =$U77*(1-Input_CI!$H$55)+I77*Input_CI!$G$55/Input_CI!$AH$76 -> 0.3 | Z77: =ROUND(Y77*G77,0) -> 0 | AA77: =SUM(J77,V77) -> 0 | AB77: =L77+P77+X77 -> 0 | AC77: =N77+P77+Z77 -> 0 | AD77: *SPI
D78: 4) | E78: S3D Publishing | F78: Ea | G78: =ROUNDUP((G5+G6+G7+G8+G9+G10+G11),0) -> 1539 | H78: =Input_CI!$AJ$60 -> N/A | I78: =IF(H78="적용",산출기준_CI!E87,0) -> 0 | J78: =ROUND((G78*I78),0) -> 0 | K78: =$I78*(1-Input_CI!$F$55) -> 0 | L78: =ROUND(K78*G78,0) -> 0 | M78: =$I78*(1-Input_CI!$F$55-Input_CI!$G$55) -> 0 | N78: =ROUND(M78*G78,0) -> 0 | O78: =Q78+S78 -> 0 | P78: =R78+T78 -> 0 | Q78: =$I78*(Input_CI!$F58)/Input_CI!$AH$75 -> 0 | R78: =ROUND(Q78*G78,0) -> 0 | Y78: =$U78*(1-Input_CI!$H$55)+I78*Input_CI!$G$55/Input_CI!$AH$76 -> 0 | Z78: =ROUND(Y78*G78,0) -> 0 | AA78: =SUM(J78,V78) -> 0 | AB78: =L78+P78+X78 -> 0 | AC78: =N78+P78+Z78 -> 0
D79: 3D Modeling 인력지원
D80: 1) | E80: 3D Modeling | F80: Point | G80: =Input_CI!AH61 -> 5300 | H80: N/A | I80: 도면매수 산정 Guide 참조 | J80: =ROUND(IF(G80>15000, 200+0.04*5000+0.03*10000+0.02*(G80-15000), IF(G80>5000, 200+0.04*5000+0.03*(G80-5000), 200+0.04*G80)),0)/5 -> 81.8 | K80: - | L80: =ROUND(J80*(1-Input_CI!$F59),0) -> 57 | M80: - | N80: =ROUND(J80*(1-Input_CI!$F59-Input_CI!G59),0) -> 49 | O80: - | P80: =R80+T80 -> 312 | Q80: - | R80: =ROUND(J80*Input_CI!$F59/Input_CI!$AH$75,0) -> 35 | S80: - | T80: =ROUND(OP1_CI!V80*Input_CI!H59,0) -> 277 | U80: 도면매수 산정 Guide 참조 | V80: =ROUND(IF(G80>15000, 2000+0.5*5000+0.4*10000+0.3*(G80-15000), IF(G80>5000, 2000+0.5*5000+0.4*(G80-5000), 2000+0.5*G80)),0)/5 -> 924 | W80: - | X80: =ROUND(V80-Input_CI!$H59*V80,0) -> 647 | Y80: - | Z80: =ROUND(V80-Input_CI!$H59*V80+J80*Input_CI!G59/Input_CI!$AH$76,0) -> 658 | AA80: =SUM(J80,V80) -> 1005.8 | AB80: =L80+P80+X80 -> 1016 | AC80: =N80+P80+Z80 -> 1019
D81: 2) | E81: Extension Work for 3D Modeling | F81: Ea | G81: 0 | H81: =Input_CI!$AJ$62 -> 적용 | O81: - | P81: =R81+T81 -> 0 | S81: - | T81: =ROUND(J81*Input_CI!$F60/Input_CI!$AH$75+OP1_CI!V81*Input_CI!H60,0) -> 0 | U81: =IF(H81="적용",산출기준_CI!K90,IF(H81="N/A",0,fault)) -> 1 | V81: =ROUND((G81*U81),0) -> 0 | W81: - | X81: =ROUND(V81-Input_CI!$H60*V81,0) -> 0 | Y81: - | Z81: =ROUND(V81-Input_CI!$H60*V81+J81*Input_CI!G60/Input_CI!$AH$76,0) -> 0 | AA81: =SUM(J81,V81) -> 0 | AB81: =L81+P81+X81 -> 0 | AC81: =N81+P81+Z81 -> 0
D82: SPI 인력지원
D83: 1) | E83: Case 1 설계 중 실시간 SPI 성과품 출도 (IFA / IFC) | F83: M/M | G83: =IF(H83="상",42,IF(H83="중",28,IF(H83="하",18,IF(H83="N/A",0,fault)))) -> 0 | H83: =Input_CI!$AJ$63 -> N/A | O83: - | P83: =R83+T83 -> 0 | S83: - | T83: =ROUND(J83*Input_CI!$F61/Input_CI!$AH$75+OP1_CI!V83*Input_CI!H61,0) -> 0 | U83: 도면매수 산정 Guide 참조 | V83: =IF(H83="상",8400,IF(H83="중",6400,IF(H83="하",3600,IF(H83="N/A",0,fault)))) -> 0 | W83: - | X83: =ROUND(V83-Input_CI!$H61*V83,0) -> 0 | Y83: - | Z83: =ROUND(V83-Input_CI!$H61*V83+J83*Input_CI!G61/Input_CI!$AH$76,0) -> 0 | AA83: =SUM(J83,V83) -> 0 | AB83: =L83+P83+X83 -> 0 | AC83: =N83+P83+Z83 -> 0
D84: 2) | E84: Case2 설계기간에는 Excel/CAD로 수행하고 As-Built 시에만 한번에 SPI로 DB 구축 | F84: M/M | G84: =IF(H84="상",20,IF(H84="중",15,IF(H84="하",10,IF(H84="N/A",0,fault)))) -> 0 | H84: =Input_CI!$AJ$64 -> N/A | O84: - | P84: =R84+T84 -> 0 | S84: - | T84: =ROUND(J84*Input_CI!$F62/Input_CI!$AH$75+OP1_CI!V84*Input_CI!H62,0) -> 0 | U84: 도면매수 산정 Guide 참조 | V84: =IF(H84="상",4800,IF(H84="중",3600,IF(H84="하",2000,IF(H84="N/A",0,fault)))) -> 0 | W84: - | X84: =ROUND(V84-Input_CI!$H62*V84,0) -> 0 | Y84: - | Z84: =ROUND(V84-Input_CI!$H62*V84+J84*Input_CI!G62/Input_CI!$AH$76,0) -> 0 | AA84: =SUM(J84,V84) -> 0 | AB84: =L84+P84+X84 -> 0 | AC84: =N84+P84+Z84 -> 0
D85: 인력 지원 | AD85: DELETED
D86: 1) | E86: 인력지원 (초급) | F86: M/M | G86: =Input_CI!$AH$65 -> 0 | H86: N/A | O86: =Q86+S86 -> 0 | P86: =ROUND(O86*G86,0) -> 0 | S86: =$I86*(Input_CI!$F$63)/Input_CI!$AH$75+U86*Input_CI!$H$63 -> 0 | T86: =ROUND(S86*G86,0) -> 0 | U86: =산출기준_CI!K95 -> 200 | V86: =SUM(G86*U86) -> 0 | W86: =$U86*(1-Input_CI!$H63) -> 200 | X86: =ROUND(W86*G86,0) -> 0 | Y86: =$U86*(1-Input_CI!$H$63)+I86*Input_CI!$G$55/Input_CI!$AH$76 -> 200 | Z86: =ROUND(Y86*G86,0) -> 0 | AA86: =SUM(J86,V86) -> 0 | AB86: =L86+P86+X86 -> 0 | AC86: =N86+P86+Z86 -> 0 | AD86: DELETED
D87: 2) | E87: 인력지원 (중급) | F87: M/M | G87: =Input_CI!$AH$66 -> 0 | H87: N/A | O87: =Q87+S87 -> 0 | P87: =ROUND(O87*G87,0) -> 0 | S87: =$I87*(Input_CI!$F$63)/Input_CI!$AH$75+U87*Input_CI!$H$63 -> 0 | T87: =ROUND(S87*G87,0) -> 0 | U87: =산출기준_CI!K96 -> 250 | V87: =SUM(G87*U87) -> 0 | W87: =$U87*(1-Input_CI!$H64) -> 250 | X87: =ROUND(W87*G87,0) -> 0 | Y87: =$U87*(1-Input_CI!$H$63)+I87*Input_CI!$G$55/Input_CI!$AH$76 -> 250 | Z87: =ROUND(Y87*G87,0) -> 0 | AA87: =SUM(J87,V87) -> 0 | AB87: =L87+P87+X87 -> 0 | AC87: =N87+P87+Z87 -> 0 | AD87: DELETED
D88: 3) | E88: 인력지원 (고급) | F88: M/M | G88: =Input_CI!$AH$67 -> 0 | H88: N/A | O88: =Q88+S88 -> 0 | P88: =ROUND(O88*G88,0) -> 0 | S88: =$I88*(Input_CI!$F$63)/Input_CI!$AH$75+U88*Input_CI!$H$63 -> 0 | T88: =ROUND(S88*G88,0) -> 0 | U88: =산출기준_CI!K97 -> 300 | V88: =SUM(G88*U88) -> 0 | W88: =$U88*(1-Input_CI!$H65) -> 300 | X88: =ROUND(W88*G88,0) -> 0 | Y88: =$U88*(1-Input_CI!$H$63)+I88*Input_CI!$G$55/Input_CI!$AH$76 -> 300 | Z88: =ROUND(Y88*G88,0) -> 0 | AA88: =SUM(J88,V88) -> 0 | AB88: =L88+P88+X88 -> 0 | AC88: =N88+P88+Z88 -> 0 | AD88: DELETED
D89: 4) | E89: 인력지원 (특급) | F89: M/M | G89: =Input_CI!$AH$68 -> 0 | H89: N/A | O89: =Q89+S89 -> 0 | P89: =ROUND(O89*G89,0) -> 0 | S89: =$I89*(Input_CI!$F$63)/Input_CI!$AH$75+U89*Input_CI!$H$63 -> 0 | T89: =ROUND(S89*G89,0) -> 0 | U89: =산출기준_CI!K98 -> 360 | V89: =SUM(G89*U89) -> 0 | W89: =$U89*(1-Input_CI!$H66) -> 360 | X89: =ROUND(W89*G89,0) -> 0 | Y89: =$U89*(1-Input_CI!$H$63)+I89*Input_CI!$G$55/Input_CI!$AH$76 -> 360 | Z89: =ROUND(Y89*G89,0) -> 0 | AA89: =SUM(J89,V89) -> 0 | AB89: =L89+P89+X89 -> 0 | AC89: =N89+P89+Z89 -> 0 | AD89: DELETED
B90: GEC Coordination | C90: E8 | D90: GEC 지원 및 Coordination | F90: M/M | G90: =Input_CI!AA83 -> 0 | H90: N/A | I90: GEC 적용 시 추가 역무 | K90: =Input_CI!AH77 -> 165 | L90: =G90*K90 -> 0 | M90: =K90 -> 165 | N90: =L90 -> 0 | AA90: =SUM(J90,V90) -> 0 | AB90: =L90+P90+X90 -> 0 | AC90: =N90+P90+Z90 -> 0
B91: Subtotal (E) | J91: =SUM(J30:J90) -> 5227.8 | L91: =SUM(L30:L90) -> 3658 | N91: =SUM(N30:N90) -> 3136 | P91: =SUM(P30:P90) -> 4559 | R91: =SUM(R30:R90) -> 2237 | T91: =SUM(T30:T90) -> 2322 | V91: =SUM(V30:V90) -> 7742 | X91: =SUM(X30:X90) -> 5418 | Z91: =SUM(Z30:Z90) -> 6163 | AA91: =SUM(J91,V91) -> 12969.8 | AB91: =L91+P91+X91 -> 13635 | AC91: =N91+P91+Z91 -> 13858
A92: P (구매관련) | B92: Datasheet | C92: P1 | D92: 1) | E92: Inst. Data Sheets
E93: - Packaged Instrument | F93: Ea | G93: =Input_CI!$AA$52 -> 21 | H93: =Input_CI!$AJ$69 -> SPI-내부 | I93: =IF(H93="SPI-내부",산출기준_CI!E106,산출기준_CI!G106) -> 7 | J93: =ROUND((G93*I93),0) -> 147 | K93: =$I93*(1-Input_CI!$X52) -> 4.9 | L93: =ROUND(K93*G93,0) -> 103 | M93: =$I93*(1-Input_CI!$X52-Input_CI!$Y52) -> 4.2 | N93: =ROUND(M93*G93,0) -> 88 | O93: =Q93+S93 -> 3 | P93: =R93+T93 -> 63 | Q93: =$I93*(Input_CI!$X52)/Input_CI!$AH$75 -> 3 | R93: =ROUND(Q93*G93,0) -> 63 | S93: =U93*Input_CI!$Z52 -> 0 | T93: =ROUND(S93*G93,0) -> 0 | U93: =IF(H93="SPI-외부",산출기준_CI!I106,0) -> 0 | V93: =ROUND((G93*U93),0) -> 0 | W93: =$U93*(1-Input_CI!$Z52) -> 0 | X93: =ROUND(W93*G93,0) -> 0 | Y93: =$U93*(1-Input_CI!$Z52)+I93*Input_CI!$Y52/Input_CI!$AH$76 -> 1 | Z93: =ROUND(Y93*G93,0) -> 21 | AA93: =SUM(J93,V93) -> 147 | AB93: =L93+P93+X93 -> 166 | AC93: =N93+P93+Z93 -> 172 | AD93: *SPI
E94: - Tagged Valve | F94: Ea | G94: =SUM(G8,G9,G10,G11) -> 356 | H94: =Input_CI!$AJ$69 -> SPI-내부 | I94: =IF(H94="SPI-내부",산출기준_CI!E107,산출기준_CI!G107) -> 3.5 | J94: =ROUND((G94*I94),0) -> 1246 | K94: =$I94*(1-Input_CI!$X53) -> 2.45 | L94: =ROUND(K94*G94,0) -> 872 | M94: =$I94*(1-Input_CI!$X53-Input_CI!$Y53) -> 2.1 | N94: =ROUND(M94*G94,0) -> 748 | O94: =Q94+S94 -> 1.5 | P94: =R94+T94 -> 534 | Q94: =$I94*(Input_CI!$X53)/Input_CI!$AH$75 -> 1.5 | R94: =ROUND(Q94*G94,0) -> 534 | S94: =U94*Input_CI!$Z53 -> 0 | T94: =ROUND(S94*G94,0) -> 0 | U94: =IF(H94="SPI-외부",산출기준_CI!I107,0) -> 0 | V94: =ROUND((G94*U94),0) -> 0 | W94: =$U94*(1-Input_CI!$Z53) -> 0 | X94: =ROUND(W94*G94,0) -> 0 | Y94: =$U94*(1-Input_CI!$Z53)+I94*Input_CI!$Y53/Input_CI!$AH$76 -> 0.5 | Z94: =ROUND(Y94*G94,0) -> 178 | AA94: =SUM(J94,V94) -> 1246 | AB94: =L94+P94+X94 -> 1406 | AC94: =N94+P94+Z94 -> 1460 | AD94: *SPI
E95: - Tagged Instrument | F95: Ea | G95: =SUM(G6,G7) -> 751 | H95: =Input_CI!$AJ$69 -> SPI-내부 | I95: =IF(H95="SPI-내부",산출기준_CI!E108,산출기준_CI!G108) -> 1.5 | J95: =ROUND((G95*I95),0) -> 1127 | K95: =$I95*(1-Input_CI!$X54) -> 1.05 | L95: =ROUND(K95*G95,0) -> 789 | M95: =$I95*(1-Input_CI!$X54-Input_CI!$Y54) -> 0.9 | N95: =ROUND(M95*G95,0) -> 676 | O95: =Q95+S95 -> 0.64285714 | P95: =R95+T95 -> 483 | Q95: =$I95*(Input_CI!$X54)/Input_CI!$AH$75 -> 0.64285714 | R95: =ROUND(Q95*G95,0) -> 483 | S95: =U95*Input_CI!$Z54 -> 0 | T95: =ROUND(S95*G95,0) -> 0 | U95: =IF(H95="SPI-외부",산출기준_CI!I108,0) -> 0 | V95: =ROUND((G95*U95),0) -> 0 | W95: =$U95*(1-Input_CI!$Z54) -> 0 | X95: =ROUND(W95*G95,0) -> 0 | Y95: =$U95*(1-Input_CI!$Z54)+I95*Input_CI!$Y54/Input_CI!$AH$76 -> 0.21428571 | Z95: =ROUND(Y95*G95,0) -> 161 | AA95: =SUM(J95,V95) -> 1127 | AB95: =L95+P95+X95 -> 1272 | AC95: =N95+P95+Z95 -> 1320 | AD95: *SPI
B96: MR | C96: P2 | D96: 1) | E96: Material Requisition
E97: - Control System | F97: Set | G97: =Input_CI!$AA$55 -> 5 | H97: N/A | I97: 도면매수 산정 Guide 참조 | J97: =SUM(Input_CI!$N$8:$N$11) -> 600 | K97: - | L97: =ROUND(J97*(1-Input_CI!$X55),0) -> 420 | M97: - | N97: =ROUND(J97*(1-Input_CI!$X55-Input_CI!Y55),0) -> 360 | O97: - | P97: =R97+T97 -> 257 | Q97: - | R97: =ROUND(J97*Input_CI!$X55/Input_CI!$AH$75,0) -> 257 | Y97: - | Z97: =ROUND(V97-Input_CI!$Z55*V97+J97*Input_CI!Y55/Input_CI!$AH$76,0) -> 86 | AA97: =SUM(J97,V97) -> 600 | AB97: =L97+P97+X97 -> 677 | AC97: =N97+P97+Z97 -> 703
E98: - Packaged Instrument | F98: Set | G98: =Input_CI!$AA$56 -> 3 | H98: N/A | I98: =산출기준_CI!G113 -> 85 | J98: =SUM(Input_CI!$N$12:$N$20) -> 255 | K98: =$I98*(1-Input_CI!$X56) -> 59.5 | L98: =ROUND(K98*G98,0) -> 179 | M98: =$I98*(1-Input_CI!$X56-Input_CI!$Y56) -> 51 | N98: =ROUND(M98*G98,0) -> 153 | O98: =Q98+S98 -> 36.428571 | P98: =ROUND(O98*G98,0) -> 109 | Q98: =$I98*(Input_CI!$X56)/Input_CI!$AH$75 -> 36.428571 | R98: =ROUND(Q98*G98,0) -> 109 | Y98: =$U98*(1-Input_CI!$Z56)+I98*Input_CI!$Y56/Input_CI!$AH$76 -> 12.142857 | Z98: =ROUND(Y98*G98,0) -> 36 | AA98: =SUM(J98,V98) -> 255 | AB98: =L98+P98+X98 -> 288 | AC98: =N98+P98+Z98 -> 298
E99: - Tagged Valve | F99: Set | G99: =Input_CI!$AA$57 -> 5 | H99: N/A | I99: =산출기준_CI!G114 -> 60 | J99: =SUM(Input_CI!$N$21:$N$29) -> 300 | K99: =$I99*(1-Input_CI!$X57) -> 42 | L99: =ROUND(K99*G99,0) -> 210 | M99: =$I99*(1-Input_CI!$X57-Input_CI!$Y57) -> 36 | N99: =ROUND(M99*G99,0) -> 180 | O99: =Q99+S99 -> 25.714286 | P99: =ROUND(O99*G99,0) -> 129 | Q99: =$I99*(Input_CI!$X57)/Input_CI!$AH$75 -> 25.714286 | R99: =ROUND(Q99*G99,0) -> 129 | Y99: =$U99*(1-Input_CI!$Z57)+I99*Input_CI!$Y57/Input_CI!$AH$76 -> 8.5714286 | Z99: =ROUND(Y99*G99,0) -> 43 | AA99: =SUM(J99,V99) -> 300 | AB99: =L99+P99+X99 -> 339 | AC99: =N99+P99+Z99 -> 352
E100: - Tagged Instrument | F100: Set | G100: =Input_CI!$AA$58 -> 8 | H100: N/A | I100: =산출기준_CI!G115 -> 60 | J100: =SUM(Input_CI!$N$30:$N$42) -> 480 | K100: =$I100*(1-Input_CI!$X58) -> 42 | L100: =ROUND(K100*G100,0) -> 336 | M100: =$I100*(1-Input_CI!$X58-Input_CI!$Y58) -> 36 | N100: =ROUND(M100*G100,0) -> 288 | O100: =Q100+S100 -> 25.714286 | P100: =ROUND(O100*G100,0) -> 206 | Q100: =$I100*(Input_CI!$X58)/Input_CI!$AH$75 -> 25.714286 | R100: =ROUND(Q100*G100,0) -> 206 | Y100: =$U100*(1-Input_CI!$Z58)+I100*Input_CI!$Y58/Input_CI!$AH$76 -> 8.5714286 | Z100: =ROUND(Y100*G100,0) -> 69 | AA100: =SUM(J100,V100) -> 480 | AB100: =L100+P100+X100 -> 542 | AC100: =N100+P100+Z100 -> 563
...

Sheet OP2-1_CI
B1: 설계소요 M/H 내역 (C&I) - 실행 | N1: OUTPUT2-1_외부-보고: 외주-단종
B2: =CONCATENATE("외주-단종 Case [",산출기준_CI!A5,"]") -> 외주-단종 Case [일반 Ver.] | N2: Case1
B3: =OP1_CI!A15 -> PROJECT: Promigas CPF Project | L3: =Input_CI!AK5 -> 46255 | N3: REV.3
B4: 구 분 | C4: Activity | D4: Size | E4: 내 부 | H4: 외 주 - 단 종 | K4: Total M/H | L4: 비 고
B5: No. | E5: Unit M/H | F5: Quantity | G5: M/H | H5: Unit M/H | I5: Quantity | J5: M/H
B7: G | C7: GENERAL
B8: 1 | C8: 마일스톤 연계 미팅
B9: 1.1 | C9: Meeting & Coordination | D9: Lot | E9: =OP1_CI!I21 -> 120 | F9: =OP1_CI!$G21 -> 1 | G9: =OP1_CI!J21 -> 120 | J9: =OP1_CI!V21 -> 0 | K9: =G9+J9 -> 120
B10: 1.2 | C10: Design Review (30%, 60%, 90%) | D10: Lot | E10: =OP1_CI!I22 -> 180 | F10: =OP1_CI!$G22 -> 1 | G10: =OP1_CI!J22 -> 180 | J10: =OP1_CI!V22 -> 0 | K10: =G10+J10 -> 180
B11: 1.3 | C11: Workshop (ITB, Package, VELL) | D11: Lot | E11: =OP1_CI!I23 -> 80 | F11: =OP1_CI!$G23 -> 1 | G11: =OP1_CI!J23 -> 80 | J11: =OP1_CI!V23 -> 0 | K11: =G11+J11 -> 80
B13: 2 | C13: ITB Review / FEED Verification
B14: 2.1 | C14: ITB Review & Interface work. | D14: Lot | E14: =OP1_CI!I24 -> 340 | F14: =OP1_CI!$G24 -> 1 | G14: =OP1_CI!J24 -> 340 | H14: 0 | I14: 0 | J14: =OP1_CI!V24 -> 0 | K14: =G14+J14 -> 340
B15: 2.2 | C15: 발주처 협의 (Technical Clarification) | D15: 명 | E15: =OP1_CI!I25 -> 80 | F15: =OP1_CI!$G25 -> 5 | G15: =OP1_CI!J25 -> 400 | J15: =OP1_CI!V25 -> 0 | K15: =G15+J15 -> 400
B16: 2.3 | C16: Feed Verification | D16: 명 | E16: =OP1_CI!I26 -> 80 | F16: =OP1_CI!$G26 -> 5 | G16: =OP1_CI!J26 -> 400 | J16: =OP1_CI!V26 -> 0 | K16: =G16+J16 -> 400
B17: 2.4 | C17: Early Work | D17: 명 | E17: =OP1_CI!I27 -> 400 | F17: =OP1_CI!$G27 -> 0 | G17: =OP1_CI!J27 -> 0 | J17: =OP1_CI!V27 -> 0 | K17: =G17+J17 -> 0
B18: 2.5 | C18: Cold Eye Review | D18: 명 | E18: =OP1_CI!I28 -> 16 | F18: =OP1_CI!$G28 -> 5 | G18: =OP1_CI!J28 -> 80 | J18: =OP1_CI!V28 -> 0 | K18: =G18+J18 -> 80
B20: SUB-TOTAL (G. GENERAL M/H) | G20: =SUM(G7:G19) -> 1600 | J20: =SUM(J7:J19) -> 0 | K20: =SUM(K7:K19) -> 1600
B22: E | C22: 설계 관련
B23: 1 | C23: Design Basis / Specification
B24: 1.1 | C24: Technical Specification | H24: 0 | I24: 0
C25: - Control System | D25: Set | E25: =OP1_CI!I31 -> 120 | F25: =OP1_CI!$G31 -> 0 | G25: =OP1_CI!J31 -> 0 | H25: 0 | I25: 0 | K25: =G25+J25 -> 0
C26: - Packaged Instrument | D26: Set | E26: =OP1_CI!I32 -> 70 | F26: =OP1_CI!$G32 -> 0 | G26: =OP1_CI!J32 -> 0 | H26: 0 | I26: 0 | K26: =G26+J26 -> 0
C27: - Field Instrument | D27: Set | E27: =OP1_CI!I33 -> 35 | F27: =OP1_CI!$G33 -> 0 | G27: =OP1_CI!J33 -> 0 | H27: 0 | I27: 0 | K27: =G27+J27 -> 0
C28: - Others | D28: Set | E28: =OP1_CI!I34 -> 35 | F28: =OP1_CI!$G34 -> 0 | G28: =OP1_CI!J34 -> 0 | H28: 0 | I28: 0 | K28: =G28+J28 -> 0
B29: 1.2 | C29: Design Basis 작성 | D29: Lot | E29: =OP1_CI!I35 -> 340 | F29: =OP1_CI!$G35 -> 1 | G29: =OP1_CI!J35 -> 340 | J29: =OP1_CI!V35 -> 0 | K29: =G29+J29 -> 340
B31: 2 | C31: Summary / List / Table
B32: 2.1 | C32: Instrument Index | D32: Ea | E32: =OP1_CI!I36 -> 0.5 | F32: =OP1_CI!$G36 -> 1539 | G32: =OP1_CI!J36 -> 770 | H32: =OP1_CI!U36 -> 0.2 | I32: =F32 -> 1539 | J32: =OP1_CI!V36 -> 308 | K32: =G32+J32 -> 1078
B33: 2.2 | C33: ICSS IO database (IODB) | D33: Point | E33: =OP1_CI!I37 -> 0.3 | F33: =OP1_CI!$G37 -> 6300 | G33: =OP1_CI!J37 -> 1890 | H33: =OP1_CI!U37 -> 0.3 | I33: =F33 -> 6300 | J33: =OP1_CI!V37 -> 1890 | K33: =G33+J33 -> 3780
B34: 2.3 | C34: Instrument Cable Schedule | D34: A4 | E34: =OP1_CI!I38 -> 0.3 | F34: =OP1_CI!$G38 -> 0 | G34: =OP1_CI!J38 -> 0 | H34: =OP1_CI!U38 -> 4 | I34: =F34 -> 0 | J34: =OP1_CI!V38 -> 0 | K34: =G34+J34 -> 0
B35: 2.4 | C35: UPS / Normal Power Load List | D35: Lot | E35: =OP1_CI!I39 -> 50 | F35: =OP1_CI!$G39 -> 1 | G35: =OP1_CI!J39 -> 50 | J35: =OP1_CI!V39 -> 0 | K35: =G35+J35 -> 50
B36: 2.5 | C36: Heat Dissipation List | D36: Lot | E36: =OP1_CI!I40 -> 50 | F36: =OP1_CI!$G40 -> 1 | G36: =OP1_CI!J40 -> 50 | J36: =OP1_CI!V40 -> 0 | K36: =G36+J36 -> 50
B37: 2.6 | C37: Electrical / Steam Tracing List | D37: Lot | E37: =OP1_CI!I41 -> 100 | F37: =OP1_CI!$G41 -> 1 | G37: =OP1_CI!J41 -> 100 | H37: =OP1_CI!U41 -> 100 | I37: =F37 -> 1 | J37: =OP1_CI!V41 -> 100 | K37: =G37+J37 -> 200
B38: 2.7 | C38: 3D Library Data | D38: Lot | E38: =OP1_CI!I42 -> 0.1 | F38: =OP1_CI!$G42 -> 555 | G38: =OP1_CI!J42 -> 56 | K38: =G38+J38 -> 56
B39: 2.8 | C39: Cable Tray/Duct Loading Data | D39: Lot | E39: =OP1_CI!I43 -> 50 | F39: =OP1_CI!$G43 -> 1 | G39: =OP1_CI!J43 -> 50 | H39: =OP1_CI!U43 -> 50 | I39: =F39 -> 1 | J39: =OP1_CI!V43 -> 50 | K39: =G39+J39 -> 100
B40: 2.9 | C40: 타부서 Information_Others | D40: Lot | E40: =OP1_CI!I44 -> 50 | F40: =OP1_CI!$G44 -> 1 | G40: =OP1_CI!J44 -> 50 | H40: =OP1_CI!U44 -> 50 | I40: =F40 -> 1 | J40: =OP1_CI!V44 -> 50 | K40: =G40+J40 -> 100
B42: 3 | C42: Calculation
B43: 3.1 | C43: Weak Frequency Calculation for Thermowell | D43: Ea | E43: =OP1_CI!I45 -> 0.5 | F43: =OP1_CI!$G45 -> 0 | G43: =OP1_CI!J45 -> 0 | H43: 0 | I43: 0 | J43: =OP1_CI!V45 -> 0 | K43: =G43+J43 -> 0
B44: 3.2 | C44: Cv (Valve Coefficient) Calculation for Sizing | D44: Ea | E44: =OP1_CI!I46 -> 0.5 | F44: =OP1_CI!$G46 -> 0 | G44: =OP1_CI!J46 -> 0 | H44: 0 | I44: 0 | J44: =OP1_CI!V46 -> 0 | K44: =G44+J44 -> 0
B45: 3.3 | C45: PSV Orificice Calculation for Sizing | D45: Ea | E45: =OP1_CI!I47 -> 0.5 | F45: =OP1_CI!$G47 -> 0 | G45: =OP1_CI!J47 -> 0 | H45: 0 | I45: 0 | J45: =OP1_CI!V47 -> 0 | K45: =G45+J45 -> 0
B46: 3.4 | C46: Flow Element Calculation | D46: Ea | E46: =OP1_CI!I48 -> 0.5 | F46: =OP1_CI!$G48 -> 0 | G46: =OP1_CI!J48 -> 0 | H46: 0 | I46: 0 | J46: =OP1_CI!V48 -> 0 | K46: =G46+J46 -> 0
B48: 4 | C48: Study / Analysis
B49: 4.1 | C49: SIL or IPF Calculation, Safety Requirement Specification (SRS) | D49: Ea | E49: =OP1_CI!I49 -> 1.5 | F49: =OP1_CI!$G49 -> 200 | G49: =OP1_CI!J49 -> 300 | H49: 0 | I49: 0 | J49: =OP1_CI!V49 -> 0 | K49: =G49+J49 -> 300
B50: 4.2 | C50: Intrinsic Safety Entity Calculation | D50: Ea | E50: =OP1_CI!I50 -> 0.5 | F50: =OP1_CI!$G50 -> 0 | G50: =OP1_CI!J50 -> 0 | H50: 0 | I50: 0 | J50: =OP1_CI!V50 -> 0 | K50: =G50+J50 -> 0
B51: 4.3 | C51: FF Entity Calculation for Segment Design | D51: Ea | E51: =OP1_CI!I51 -> 0.3 | F51: =OP1_CI!$G51 -> 0 | G51: =OP1_CI!J51 -> 0 | H51: 0 | I51: 0 | J51: =OP1_CI!V51 -> 0 | K51: =G51+J51 -> 0
B53: 5 | C53: Drawing
B54: 5.1 | C54: Control System Configuration | D54: A3 | E54: =OP1_CI!I52 -> 80 | F54: =OP1_CI!$G52 -> 3 | G54: =OP1_CI!J52 -> 240 | H54: =OP1_CI!U52 -> 4 | I54: =F54 -> 3 | J54: =OP1_CI!V52 -> 12 | K54: =G54+J54 -> 252
B55: 5.2 | C55: Instrument Earthing Philosophy | D55: A3 | E55: =OP1_CI!I53 -> 5 | F55: =OP1_CI!$G53 -> 2 | G55: =OP1_CI!J53 -> 10 | H55: =OP1_CI!U53 -> 20 | I55: =F55 -> 2 | J55: =OP1_CI!V53 -> 40 | K55: =G55+J55 -> 50
B56: 5.3 | C56: Instrument Key Plan for Layout Drawings | D56: A1 | E56: =OP1_CI!I54 -> 2 | F56: =OP1_CI!$G54 -> 6 | G56: =OP1_CI!J54 -> 12 | H56: =OP1_CI!U54 -> 25 | I56: =F56 -> 6 | J56: =OP1_CI!V54 -> 150 | K56: =G56+J56 -> 162
B57: 5.4 | C57: Symbol & Legends for Inst. Layout Drawings | D57: A3 | E57: =OP1_CI!I55 -> 5 | F57: =OP1_CI!$G55 -> 2 | G57: =OP1_CI!J55 -> 10 | H57: =OP1_CI!U55 -> 40 | I57: =F57 -> 2 | J57: =OP1_CI!V55 -> 80 | K57: =G57+J57 -> 90
B58: 5.5 | C58: Instrument Location Plan | D58: A1 | E58: =OP1_CI!I56 -> 2 | F58: =OP1_CI!$G56 -> 0 | G58: =OP1_CI!J56 -> 0 | H58: =OP1_CI!U56 -> 19 | I58: =F58 -> 0 | J58: =OP1_CI!V56 -> 0 | K58: =G58+J58 -> 0
B59: 5.6 | C59: Main Cable Routing layout | D59: A1 | E59: =OP1_CI!I57 -> 5 | F59: =OP1_CI!$G57 -> 0 | G59: =OP1_CI!J57 -> 0 | H59: =OP1_CI!U57 -> 49 | I59: =F59 -> 0 | J59: =OP1_CI!V57 -> 0 | K59: =G59+J59 -> 0
B60: 5.7 | C60: Cable (Duct) Tray Layout | D60: A1 | E60: =OP1_CI!I58 -> 2.5 | F60: =OP1_CI!$G58 -> 17 | G60: =OP1_CI!J58 -> 43 | H60: =OP1_CI!U58 -> 40 | I60: =F60 -> 17 | J60: =OP1_CI!V58 -> 680 | K60: =G60+J60 -> 723
B61: 5.8 | C61: Instrument Wiring Layout | D61: A1 | E61: =OP1_CI!I59 -> 4 | F61: =OP1_CI!$G59 -> 0 | G61: =OP1_CI!J59 -> 0 | H61: =OP1_CI!U59 -> 67 | I61: =F61 -> 0 | J61: =OP1_CI!V59 -> 0 | K61: =G61+J61 -> 0
B62: 5.9 | C62: F&G Wiring Layout | D62: A1 | E62: =OP1_CI!I60 -> 3 | F62: =OP1_CI!$G60 -> 0 | G62: =OP1_CI!J60 -> 0 | H62: =OP1_CI!U60 -> 50 | I62: =F62 -> 0 | J62: =OP1_CI!V60 -> 0 | K62: =G62+J62 -> 0
B63: 5.1 | C63: Instrument Air Piping Layout | D63: A1 | E63: =OP1_CI!I61 -> 3 | F63: =OP1_CI!$G61 -> 0 | G63: =OP1_CI!J61 -> 0 | H63: =OP1_CI!U61 -> 34 | I63: =F63 -> 0 | J63: =OP1_CI!V61 -> 0 | K63: =G63+J63 -> 0
B64: 5.11 | C64: Control Room / PIB Equipment layout | D64: A1 | E64: =OP1_CI!I62 -> 3 | F64: =OP1_CI!$G62 -> 12 | G64: =OP1_CI!J62 -> 36 | H64: =OP1_CI!U62 -> 34 | I64: =F64 -> 12 | J64: =OP1_CI!V62 -> 408 | K64: =G64+J64 -> 444
B65: 5.12 | C65: Control Room / PIB Cable Tray Layout | D65: A1 | E65: =OP1_CI!I63 -> 4 | F65: =OP1_CI!$G63 -> 8 | G65: =OP1_CI!J63 -> 32 | H65: =OP1_CI!U63 -> 40 | I65: =F65 -> 8 | J65: =OP1_CI!V63 -> 320 | K65: =G65+J65 -> 352
... B74: 5.21 | C74: Logic Diagram | D74: A3 | E74: =OP1_CI!I72 -> 2 | F74: =OP1_CI!$G72 -> 200 | G74: =OP1_CI!J72 -> 400 | H74: =OP1_CI!U72 -> 5 | I74: =F74 -> 200 | J74: =OP1_CI!V72 -> 1000 | K74: =G74+J74 -> 1400
B76: 6 | C76: MTO
B77: 6.1 | C77: MTO | D77: Lot | E77: =OP1_CI!I73 -> 400 | F77: =OP1_CI!$G73 -> 1 | G77: =OP1_CI!J73 -> 400 | H77: - | I77: 1 | J77: =OP1_CI!V73 -> 900 | K77: =G77+J77 -> 1300
B79: 7 | C79: 3D Modeling & IT Solution
B80: 7.1 | C80: SPI Admin. & SPF
B81: 7.1.1 | C81: SPI Admin. | D81: Point | E81: =OP1_CI!I75 -> 0 | F81: =IF(Input_CI!AH57="Yes",OP1_CI!$G75,0) -> 0 | G81: =OP1_CI!J75 -> 0 | K81: =SUM(G81,J81) -> 0
B82: 7.1.2 | C82: SPI Publishing | D82: Point | E82: =OP1_CI!I76 -> 0 | F82: =IF(Input_CI!AH58="Yes",OP1_CI!$G76,0) -> 0 | G82: =OP1_CI!J76 -> 0
B83: 7.1.3 | C83: SPI Input for Instrument Data Sheets (in 3rd party system) | D83: Ea | H83: =OP1_CI!U77 -> 0.3 | I83: =IF(Input_CI!AH59="Yes",OP1_CI!G77,0) -> 0 | J83: =OP1_CI!V77 -> 0 | K83: =G83+J83 -> 0
B84: 7.1.4 | C84: S3D Publishing | D84: Ea | E84: =OP1_CI!I78 -> 0 | F84: =IF(Input_CI!AH60="Yes",OP1_CI!$G78,0) -> 0 | G84: =OP1_CI!J78 -> 0
B85: 7.2 | C85: 3D Modelling 인력지원
B86: 7.2.1 | C86: 3D Modelling | D86: Point | E86: - | F86: =OP1_CI!$G80 -> 5300 | G86: =OP1_CI!J80 -> 81.8 | H86: - | I86: =F86 -> 5300 | J86: =OP1_CI!V80 -> 924 | K86: =G86+J86 -> 1005.8
B87: 7.2.2 | C87: Extension Work for 3D Modeling | D87: Ea | H87: =OP1_CI!U81 -> 1 | I87: =OP1_CI!G81 -> 0 | J87: =OP1_CI!V81 -> 0 | K87: =SUM(G87,J87) -> 0
B88: 7.3 | C88: SPI 인력지원 | D88: Month | H88: - | I88: =OP1_CI!G83+OP1_CI!G84 -> 0 | J88: =OP1_CI!V83+OP1_CI!V84 -> 0 | K88: =G88+J88 -> 0
B90: SUB-TOTAL (E. 설계관련 M/H) | G90: =SUM(G22:G89) -> 5227.8 | J90: =SUM(J22:J89) -> 7742 | K90: =SUM(K22:K89) -> 12969.8
B92: P | C92: 구매 관련
B93: 1 | C93: Datasheet
B94: 1.1 | C94: Instrument Data Sheet
C95: - Packaged Instrument | D95: Ea | E95: =OP1_CI!I93 -> 7 | F95: =OP1_CI!$G93 -> 21 | G95: =OP1_CI!J93 -> 147 | H95: =OP1_CI!U93 -> 0 | I95: =IF(H95=0,0,F95) -> 0 | J95: =OP1_CI!V93 -> 0 | K95: =G95+J95 -> 147
C96: - Tagged Valves | D96: Ea | E96: =OP1_CI!I94 -> 3.5 | F96: =OP1_CI!$G94 -> 356 | G96: =OP1_CI!J94 -> 1246 | H96: =OP1_CI!U94 -> 0 | I96: =IF(H96=0,0,F96) -> 0 | J96: =OP1_CI!V94 -> 0 | K96: =G96+J96 -> 1246
C97: - Tagged Instruments | D97: Ea | E97: =OP1_CI!I95 -> 1.5 | F97: =OP1_CI!$G95 -> 751 | G97: =OP1_CI!J95 -> 1127 | H97: =OP1_CI!U95 -> 0 | I97: =IF(H97=0,0,F97) -> 0 | J97: =OP1_CI!V95 -> 0 | K97: =G97+J97 -> 1127
B99: 2 | C99: MR
B100: 2.1 | C100: Material Requisition
C101: - Control System | D101: Set | E101: - | F101: =OP1_CI!$G97 -> 5 | G101: =OP1_CI!J97 -> 600 | H101: 0 | I101: 0 | J101: =OP1_CI!V97 -> 0 | K101: =G101+J101 -> 600
C102: - Packaged Instrument | D102: Set | E102: =OP1_CI!I98 -> 85 | F102: =OP1_CI!$G98 -> 3 | G102: =OP1_CI!J98 -> 255 | H102: 0 | I102: 0 | J102: =OP1_CI!V98 -> 0 | K102: =G102+J102 -> 255
C103: - Tagged Valves | D103: Set | E103: =OP1_CI!I99 -> 60 | F103: =OP1_CI!$G99 -> 5 | G103: =OP1_CI!J99 -> 300 | H103: 0 | I103: 0 | J103: =OP1_CI!V99 -> 0 | K103: =G103+J103 -> 300
C104: - Tagged Instruments | D104: Set | E104: =OP1_CI!I100 -> 60 | F104: =OP1_CI!$G100 -> 8 | G104: =OP1_CI!J100 -> 480 | H104: 0 | I104: 0 | J104: =OP1_CI!V100 -> 0 | K104: =G104+J104 -> 480
C105: - Bulk Material | D105: Set | E105: =OP1_CI!I101 -> 60 | F105: =OP1_CI!$G101 -> 10 | G105: =OP1_CI!J101 -> 600 | H105: 0 | I105: 0 | J105: =OP1_CI!V101 -> 0 | K105: =G105+J105 -> 600
B107: 3 | C107: TBE
B108: 3.1 | C108: Technical Bid Evaluation | H108: 0 | I108: 0
C109: - Control System | D109: Set | E109: - | F109: =OP1_CI!$G103 -> 0 | G109: =OP1_CI!J103 -> 0 | H109: 0 | I109: 0 | J109: =OP1_CI!V103 -> 0 | K109: =G109+J109 -> 0
C110: - Packaged Instrument | D110: Set | E110: - | F110: =OP1_CI!$G104 -> 0 | G110: =OP1_CI!J104 -> 0 | H110: 0 | I110: 0 | J110: =OP1_CI!V104 -> 0 | K110: =G110+J110 -> 0
C111: - Tagged Valves | D111: Set | E111: - | F111: =OP1_CI!$G105 -> 0 | G111: =OP1_CI!J105 -> 0 | H111: 0 | I111: 0 | J111: =OP1_CI!V105 -> 0 | K111: =G111+J111 -> 0
C112: - Tagged Instruments | D112: Set | E112: - | F112: =OP1_CI!$G106 -> 0 | G112: =OP1_CI!J106 -> 0 | H112: 0 | I112: 0 | J112: =OP1_CI!V106 -> 0 | K112: =G112+J112 -> 0
C113: - Bulk Material | D113: Set | E113: =OP1_CI!I107 -> 90 | F113: =OP1_CI!$G107 -> 0 | G113: =OP1_CI!J107 -> 0 | H113: 0 | I113: 0 | J113: =OP1_CI!V107 -> 0 | K113: =G113+J113 -> 0
B114: 3.2 | C114: Instrument Check List for 3rd Party System
C115: - Major 3rd Party System | D115: Set | E115: 25 | F115: =OP1_CI!$G109 -> 0 | G115: =OP1_CI!J109 -> 0 | J115: =OP1_CI!V109 -> 0 | K115: =G115+J115 -> 0
C116: - 3rd Party System | D116: Set | E116: 10 | F116: =OP1_CI!$G110 -> 0 | G116: =OP1_CI!J110 -> 0 | J116: =OP1_CI!V110 -> 0 | K116: =G116+J116 -> 0
B118: 4 | C118: VD Review
B119: 4.1 | C119: Vendor Data Review
C120: - Control System | D120: Set | E120: - | F120: =OP1_CI!$G112 -> 0 | G120: =OP1_CI!J112 -> 0 | H120: 0 | I120: 0 | J120: =OP1_CI!V112 -> 0 | K120: =G120+J120 -> 0
C121: - Packaged Instrument | D121: Set | E121: - | F121: =OP1_CI!$G113 -> 0 | G121: =OP1_CI!J113 -> 0 | H121: 0 | I121: 0 | J121: =OP1_CI!V113 -> 0 | K121: =G121+J121 -> 0
C122: - Tagged Valves | D122: Set | E122: - | F122: =OP1_CI!$G114 -> 0 | G122: =OP1_CI!J114 -> 0 | H122: 0 | I122: 0 | J122: =OP1_CI!V114 -> 0 | K122: =G122+J122 -> 0
C123: - Tagged Instruments | D123: Set | E123: - | F123: =OP1_CI!$G115 -> 0 | G123: =OP1_CI!J115 -> 0 | H123: 0 | I123: 0 | J123: =OP1_CI!V115 -> 0 | K123: =G123+J123 -> 0
...

Sheet OP2-2_CI
B1: 설계소요 M/H 내역 (C&I) - 실행 | Q1: OUTPUT2-2_외부-보고: GEC + 외주-단종
B2: =CONCATENATE("GEC & 외주-단종 Case [",산출기준_CI!A5,"]") -> GEC & 외주-단종 Case [일반 Ver.] | Q2: Case2
B3: =OP1_CI!A15 -> PROJECT: Promigas CPF Project | O3: =Input_CI!AK5 -> 46255 | Q3: REV.3
B4: 구 분 | C4: Activity | D4: Size | E4: 내 부 | H4: G E C | K4: 외 주 - 단 종 | N4: Total M/H | O4: 비 고
B5: No. | E5: Unit M/H | F5: Quantity | G5: M/H | H5: Unit M/H | I5: Quantity | J5: M/H | K5: Unit M/H | L5: Quantity | M5: M/H
B7: G | C7: GENERAL
B8: 1 | C8: 마일스톤 연계 미팅
B9: 1.1 | C9: Meeting & Coordination | D9: Lot | E9: =OP1_CI!K21 -> 84 | F9: =OP1_CI!G21 -> 1 | G9: =OP1_CI!L21 -> 84 | H9: =OP1_CI!O21 -> 51.428571 | I9: =F9 -> 1 | J9: =OP1_CI!P21 -> 51 | N9: =G9+J9+M9 -> 135
B10: 1.2 | C10: Design Review (30%, 60%, 90%) | D10: Lot | E10: =OP1_CI!K22 -> 126 | F10: =OP1_CI!G22 -> 1 | G10: =OP1_CI!L22 -> 126 | H10: =OP1_CI!O22 -> 77.142857 | I10: =F10 -> 1 | J10: =OP1_CI!P22 -> 77 | N10: =G10+J10+M10 -> 203
B11: 1.3 | C11: Workshop (ITB, Package, VELL) | D11: Lot | E11: =OP1_CI!K23 -> 80 | F11: =OP1_CI!G23 -> 1 | G11: =OP1_CI!L23 -> 80 | H11: =OP1_CI!O23 -> 0 | I11: =F11 -> 1 | J11: =OP1_CI!P23 -> 0 | N11: =G11+J11+M11 -> 80
B13: 2 | C13: ITB Review / FEED Verification
B14: 2.1 | C14: ITB Review & Interface work. | D14: Lot | E14: =OP1_CI!K24 -> 238 | F14: =OP1_CI!G24 -> 1 | G14: =OP1_CI!L24 -> 238 | H14: =OP1_CI!O24 -> 145.71429 | I14: =F14 -> 1 | J14: =OP1_CI!P24 -> 146 | N14: =G14+J14+M14 -> 384
B15: 2.2 | C15: 발주처 협의 (Technical Clarification) | D15: Lot | E15: - | F15: 1 | G15: =OP1_CI!L25 -> 280 | H15: - | I15: =F15 -> 1 | J15: =OP1_CI!P25 -> 171 | N15: =G15+J15+M15 -> 451
B16: 2.3 | C16: Feed Verification | D16: Lot | E16: - | F16: 1 | G16: =OP1_CI!L26 -> 280 | H16: - | I16: =F16 -> 1 | J16: =OP1_CI!P26 -> 171 | N16: =G16+J16+M16 -> 451
B17: 2.4 | C17: Early Work | D17: Lot | E17: - | F17: 1 | G17: =OP1_CI!L27 -> 0 | H17: - | I17: =F17 -> 1 | J17: =OP1_CI!P27 -> 0 | N17: =G17+J17+M17 -> 0
B18: 2.5 | C18: Cold Eye Review | D18: Lot | E18: - | F18: 1 | G18: =OP1_CI!L28 -> 56 | H18: - | I18: =F18 -> 1 | J18: =OP1_CI!P28 -> 34 | N18: =G18+J18+M18 -> 90
B20: SUB-TOTAL (G. GENERAL M/H) | G20: =SUM(G7:G19) -> 1144 | J20: =SUM(J7:J19) -> 650 | M20: =SUM(M7:M19) -> 0 | N20: =SUM(N7:N19) -> 1794
B22: E | C22: 설계 관련
B23: 1 | C23: Design Basis / Specification
B24: 1.1 | C24: Technical Specification | K24: 0
C25: - Control System | D25: Set | E25: =OP1_CI!K31 -> 84 | F25: =OP1_CI!G31 -> 0 | G25: =OP1_CI!L31 -> 0 | H25: =OP1_CI!O31 -> 51.428571 | I25: =F25 -> 0 | J25: =OP1_CI!P31 -> 0 | N25: =G25+J25+M25 -> 0
C26: - Packaged Instrument | D26: Set | E26: =OP1_CI!K32 -> 49 | F26: =OP1_CI!G32 -> 0 | G26: =OP1_CI!L32 -> 0 | H26: =OP1_CI!O32 -> 30 | I26: =F26 -> 0 | J26: =OP1_CI!P32 -> 0 | N26: =G26+J26+M26 -> 0
C27: - Field Instrument | D27: Set | E27: =OP1_CI!K33 -> 24.5 | F27: =OP1_CI!G33 -> 0 | G27: =OP1_CI!L33 -> 0 | H27: =OP1_CI!O33 -> 15 | I27: =F27 -> 0 | J27: =OP1_CI!P33 -> 0 | N27: =G27+J27+M27 -> 0
C28: - Others | D28: Set | E28: =OP1_CI!K34 -> 24.5 | F28: =OP1_CI!G34 -> 0 | G28: =OP1_CI!L34 -> 0 | H28: =OP1_CI!O34 -> 15 | I28: =F28 -> 0 | J28: =OP1_CI!P34 -> 0 | N28: =G28+J28+M28 -> 0
B29: 1.2 | C29: Design Basis 작성 | D29: Lot | E29: =OP1_CI!K35 -> 238 | F29: =OP1_CI!G35 -> 1 | G29: =OP1_CI!L35 -> 238 | H29: =OP1_CI!O35 -> 145.71429 | I29: =F29 -> 1 | J29: =OP1_CI!P35 -> 146 | N29: =G29+J29+M29 -> 384
B31: 2 | C31: Summary / List / Table
B32: 2.1 | C32: Instrument Index | D32: Ea | E32: =OP1_CI!K36 -> 0.35 | F32: =OP1_CI!G36 -> 1539 | G32: =OP1_CI!L36 -> 539 | H32: =OP1_CI!O36 -> 0.27428571 | I32: =F32 -> 1539 | J32: =OP1_CI!P36 -> 422 | K32: =OP1_CI!W36 -> 0.14 | L32: =F32 -> 1539 | M32: =OP1_CI!X36 -> 215 | N32: =G32+J32+M32 -> 1176
B33: 2.2 | C33: ICSS IO database (IODB) | D33: Point | E33: =OP1_CI!K37 -> 0.21 | F33: =OP1_CI!G37 -> 6300 | G33: =OP1_CI!L37 -> 1323 | H33: =OP1_CI!O37 -> 0.21857143 | I33: =F33 -> 6300 | J33: =OP1_CI!P37 -> 1377 | K33: =OP1_CI!W37 -> 0.21 | L33: =F33 -> 6300 | M33: =OP1_CI!X37 -> 1323 | N33: =G33+J33+M33 -> 4023
B34: 2.3 | C34: Instrument Cable Schedule | D34: A4 | E34: =OP1_CI!K38 -> 0.21 | F34: =OP1_CI!G38 -> 0 | G34: =OP1_CI!L38 -> 0 | H34: =OP1_CI!O38 -> 1.3285714 | I34: =F34 -> 0 | J34: =OP1_CI!P38 -> 0 | K34: =OP1_CI!W38 -> 2.8 | L34: =F34 -> 0 | M34: =OP1_CI!X38 -> 0 | N34: =G34+J34+M34 -> 0
B35: 2.4 | C35: UPS / Normal Power Load List | D35: Lot | E35: =OP1_CI!K39 -> 35 | F35: =OP1_CI!G39 -> 1 | G35: =OP1_CI!L39 -> 35 | H35: =OP1_CI!O39 -> 21.428571 | I35: =F35 -> 1 | J35: =OP1_CI!P39 -> 21 | N35: =G35+J35+M35 -> 56
B36: 2.5 | C36: Heat Dissipation List | D36: Lot | E36: =OP1_CI!K40 -> 35 | F36: =OP1_CI!G40 -> 1 | G36: =OP1_CI!L40 -> 35 | H36: =OP1_CI!O40 -> 21.428571 | I36: =F36 -> 1 | J36: =OP1_CI!P40 -> 21 | N36: =G36+J36+M36 -> 56
B37: 2.6 | C37: Electrical / Steam Tracing List | D37: Lot | E37: =OP1_CI!K41 -> 70 | F37: =OP1_CI!G41 -> 1 | G37: =OP1_CI!L41 -> 70 | H37: =OP1_CI!O41 -> 72.857143 | I37: =F37 -> 1 | J37: =OP1_CI!P41 -> 73 | K37: =OP1_CI!W41 -> 70 | L37: =F37 -> 1 | M37: =OP1_CI!X41 -> 70 | N37: =G37+J37+M37 -> 213
B38: 2.7 | C38: 3D Library Data | D38: Lot | E38: =OP1_CI!K42 -> 0.07 | F38: =OP1_CI!G42 -> 555 | G38: =OP1_CI!L42 -> 39 | H38: =OP1_CI!O42 -> 0.042857143 | I38: =F38 -> 555 | J38: =OP1_CI!P42 -> 24 | N38: =G38+J38+M38 -> 63
B39: 2.8 | C39: Cable Tray/Duct Loading Data | D39: Lot | E39: =OP1_CI!K43 -> 35 | F39: =OP1_CI!G43 -> 1 | G39: =OP1_CI!L43 -> 35 | H39: =OP1_CI!O43 -> 36.428571 | I39: =F39 -> 1 | J39: =OP1_CI!P43 -> 36 | K39: =OP1_CI!W43 -> 35 | L39: =F39 -> 1 | M39: =OP1_CI!X43 -> 35 | N39: =G39+J39+M39 -> 106
B40: 2.9 | C40: 타부서 Information_Others | D40: Lot | E40: =OP1_CI!K44 -> 35 | F40: =OP1_CI!G44 -> 1 | G40: =OP1_CI!L44 -> 35 | H40: =OP1_CI!O44 -> 36.428571 | I40: =F40 -> 1 | J40: =OP1_CI!P44 -> 36 | K40: =OP1_CI!W44 -> 35 | L40: =F40 -> 1 | M40: =OP1_CI!X44 -> 35 | N40: =G40+J40+M40 -> 106
B42: 3 | C42: Calculation
B43: 3.1 | C43: Weak Frequency Calculation for Thermowell | D43: Ea | E43: =OP1_CI!K45 -> 0.35 | F43: =OP1_CI!G45 -> 0 | G43: =OP1_CI!L45 -> 0 | H43: =OP1_CI!O45 -> 0.21428571 | I43: =F43 -> 0 | J43: =OP1_CI!P45 -> 0 | N43: =G43+J43+M43 -> 0
B44: 3.2 | C44: Cv (Valve Coefficient) Calculation for Sizing | D44: Ea | E44: =OP1_CI!K46 -> 0.35 | F44: =OP1_CI!G46 -> 0 | G44: =OP1_CI!L46 -> 0 | H44: =OP1_CI!O46 -> 0.21428571 | I44: =F44 -> 0 | J44: =OP1_CI!P46 -> 0 | N44: =G44+J44+M44 -> 0
B45: 3.3 | C45: PSV Orificice Calculation for Sizing | D45: Ea | E45: =OP1_CI!K47 -> 0.35 | F45: =OP1_CI!G47 -> 0 | G45: =OP1_CI!L47 -> 0 | H45: =OP1_CI!O47 -> 0.21428571 | I45: =F45 -> 0 | J45: =OP1_CI!P47 -> 0 | N45: =G45+J45+M45 -> 0
B46: 3.4 | C46: Flow Element Calculation | D46: Ea | E46: =OP1_CI!K48 -> 0.35 | F46: =OP1_CI!G48 -> 0 | G46: =OP1_CI!L48 -> 0 | H46: =OP1_CI!O48 -> 0.21428571 | I46: =F46 -> 0 | J46: =OP1_CI!P48 -> 0 | N46: =G46+J46+M46 -> 0
B48: 4 | C48: Study / Analysis
B49: 4.1 | C49: SIL or IPF Calculation, Safety Requirement Specification (SRS) | D49: Ea | E49: =OP1_CI!K49 -> 1.05 | F49: =OP1_CI!G49 -> 200 | G49: =OP1_CI!L49 -> 210 | H49: =OP1_CI!O49 -> 0.64285714 | I49: =F49 -> 200 | J49: =OP1_CI!P49 -> 129 | N49: =G49+J49+M49 -> 339
B50: 4.2 | C50: Intrinsic Safety Entity Calculation | D50: Ea | E50: =OP1_CI!K50 -> 0.35 | F50: =OP1_CI!G50 -> 0 | G50: =OP1_CI!L50 -> 0 | H50: =OP1_CI!O50 -> 0.21428571 | I50: =F50 -> 0 | J50: =OP1_CI!P50 -> 0 | N50: =G50+J50+M50 -> 0
B51: 4.3 | C51: FF Entity Calculation for Segment Design | D51: Ea | E51: =OP1_CI!K51 -> 0.21 | F51: =OP1_CI!G51 -> 0 | G51: =OP1_CI!L51 -> 0 | H51: =OP1_CI!O51 -> 0.12857143 | I51: =F51 -> 0 | J51: =OP1_CI!P51 -> 0 | N51: =G51+J51+M51 -> 0
B53: 5 | C53: Drawing
B54: 5.1 | C54: Control System Configuration | D54: A3 | E54: =OP1_CI!K52 -> 56 | F54: =OP1_CI!G52 -> 3 | G54: =OP1_CI!L52 -> 168 | H54: =OP1_CI!O52 -> 35.485714 | I54: =F54 -> 3 | J54: =OP1_CI!P52 -> 107 | K54: =OP1_CI!W52 -> 2.8 | L54: =F54 -> 3 | M54: =OP1_CI!X52 -> 8 | N54: =G54+J54+M54 -> 283
B55: 5.2 | C55: Instrument Earthing Philosophy | D55: A3 | E55: =OP1_CI!K53 -> 3.5 | F55: =OP1_CI!G53 -> 2 | G55: =OP1_CI!L53 -> 7 | H55: =OP1_CI!O53 -> 8.1428571 | I55: =F55 -> 2 | J55: =OP1_CI!P53 -> 16 | K55: =OP1_CI!W53 -> 14 | L55: =F55 -> 2 | M55: =OP1_CI!X53 -> 28 | N55: =G55+J55+M55 -> 51
B56: 5.3 | C56: Instrument Key Plan for Layout Drawings | D56: A1 | E56: =OP1_CI!K54 -> 1.4 | F56: =OP1_CI!G54 -> 6 | G56: =OP1_CI!L54 -> 8 | H56: =OP1_CI!O54 -> 8.3571429 | I56: =F56 -> 6 | J56: =OP1_CI!P54 -> 50 | K56: =OP1_CI!W54 -> 17.5 | L56: =F56 -> 6 | M56: =OP1_CI!X54 -> 105 | N56: =G56+J56+M56 -> 163
B57: 5.4 | C57: Symbol & Legends for Inst. Layout Drawings | D57: A3 | E57: =OP1_CI!K55 -> 3.5 | F57: =OP1_CI!G55 -> 2 | G57: =OP1_CI!L55 -> 7 | H57: =OP1_CI!O55 -> 14.142857 | I57: =F57 -> 2 | J57: =OP1_CI!P55 -> 28 | K57: =OP1_CI!W55 -> 28 | L57: =F57 -> 2 | M57: =OP1_CI!X55 -> 56 | N57: =G57+J57+M57 -> 91
B58: 5.5 | C58: Instrument Location Plan | D58: A1 | E58: =OP1_CI!K56 -> 1.4 | F58: =OP1_CI!G56 -> 0 | G58: =OP1_CI!L56 -> 0 | H58: =OP1_CI!O56 -> 6.5571429 | I58: =F58 -> 0 | J58: =OP1_CI!P56 -> 0 | K58: =OP1_CI!W56 -> 13.3 | L58: =F58 -> 0 | M58: =OP1_CI!X56 -> 0 | N58: =G58+J58+M58 -> 0
B59: 5.6 | C59: Main Cable Routing layout | D59: A1 | E59: =OP1_CI!K57 -> 3.5 | F59: =OP1_CI!G57 -> 0 | G59: =OP1_CI!L57 -> 0 | H59: =OP1_CI!O57 -> 16.842857 | I59: =F59 -> 0 | J59: =OP1_CI!P57 -> 0 | K59: =OP1_CI!W57 -> 34.3 | L59: =F59 -> 0 | M59: =OP1_CI!X57 -> 0 | N59: =G59+J59+M59 -> 0
B60: 5.7 | C60: Cable (Duct) Tray Layout | D60: A1 | E60: =OP1_CI!K58 -> 1.75 | F60: =OP1_CI!G58 -> 17 | G60: =OP1_CI!L58 -> 30 | H60: =OP1_CI!O58 -> 13.071429 | I60: =F60 -> 17 | J60: =OP1_CI!P58 -> 222 | K60: =OP1_CI!W58 -> 28 | L60: =F60 -> 17 | M60: =OP1_CI!X58 -> 476 | N60: =G60+J60+M60 -> 728
B61: 5.8 | C61: Instrument Wiring Layout | D61: A1 | E61: =OP1_CI!K59 -> 2.8 | F61: =OP1_CI!G59 -> 0 | G61: =OP1_CI!L59 -> 0 | H61: =OP1_CI!O59 -> 21.814286 | I61: =F61 -> 0 | J61: =OP1_CI!P59 -> 0 | K61: =OP1_CI!W59 -> 46.9 | L61: =F61 -> 0 | M61: =OP1_CI!X59 -> 0 | N61: =G61+J61+M61 -> 0
B62: 5.9 | C62: F&G Wiring Layout | D62: A1 | E62: =OP1_CI!K60 -> 2.1 | F62: =OP1_CI!G60 -> 0 | G62: =OP1_CI!L60 -> 0 | H62: =OP1_CI!O60 -> 16.285714 | I62: =F62 -> 0 | J62: =OP1_CI!P60 -> 0 | K62: =OP1_CI!W60 -> 35 | L62: =F62 -> 0 | M62: =OP1_CI!X60 -> 0 | N62: =G62+J62+M62 -> 0
B63: 5.1 | C63: Instrument Air Piping Layout | D63: A1 | E63: =OP1_CI!K61 -> 2.1 | F63: =OP1_CI!G61 -> 0 | G63: =OP1_CI!L61 -> 0 | H63: =OP1_CI!O61 -> 11.485714 | I63: =F63 -> 0 | J63: =OP1_CI!P61 -> 0 | K63: =OP1_CI!W61 -> 23.8 | L63: =F63 -> 0 | M63: =OP1_CI!X61 -> 0 | N63: =G63+J63+M63 -> 0
B64: 5.11 | C64: Control Room / PIB Equipment layout | D64: A1 | E64: =OP1_CI!K62 -> 2.1 | F64: =OP1_CI!G62 -> 12 | G64: =OP1_CI!L62 -> 25 | H64: =OP1_CI!O62 -> 11.485714 | I64: =F64 -> 12 | J64: =OP1_CI!P62 -> 137 | K64: =OP1_CI!W62 -> 23.8 | L64: =F64 -> 12 | M64: =OP1_CI!X62 -> 286 | N64: =G64+J64+M64 -> 448
B65: 5.12 | C65: Control Room / PIB Cable Tray Layout | D65: A1 | E65: =OP1_CI!K63 -> 2.8 | F65: =OP1_CI!G63 -> 8 | G65: =OP1_CI!L63 -> 22 | H65: =OP1_CI!O63 -> 13.714286 | I65: =F65 -> 8 | J65: =OP1_CI!P63 -> 110 | K65: =OP1_CI!W63 -> 28 | L65: =F65 -> 8 | M65: =OP1_CI!X63 -> 224 | N65: =G65+J65+M65 -> 356
... B74: 5.21 | C74: Logic Diagram | D74: A3 | E74: =OP1_CI!K72 -> 1.4 | F74: =OP1_CI!G72 -> 200 | G74: =OP1_CI!L72 -> 280 | H74: =OP1_CI!O72 -> 2.3571429 | I74: =F74 -> 200 | J74: =OP1_CI!P72 -> 471 | K74: =OP1_CI!W72 -> 3.5 | L74: =F74 -> 200 | M74: =OP1_CI!X72 -> 700 | N74: =G74+J74+M74 -> 1451
B76: 6 | C76: MTO
B77: 6.1 | C77: MTO | D77: Lot | E77: =OP1_CI!K73 -> 280 | F77: =OP1_CI!G73 -> 1 | G77: =OP1_CI!L73 -> 280 | H77: =OP1_CI!O73 -> - | I77: =F77 -> 1 | J77: =OP1_CI!P73 -> 441 | K77: - | L77: =F77 -> 1 | M77: =OP1_CI!X73 -> 630 | N77: =G77+J77+M77 -> 1351
B79: 7 | C79: 3D Modeling & IT Solution
B80: 7.1 | C80: SPI Admin. & SPF
B81: 7.1.1 | C81: SPI Admin. | D81: Point | E81: =OP1_CI!K75 -> 0 | F81: =IF(Input_CI!AH57="Yes",OP1_CI!G75,0) -> 0 | G81: =OP1_CI!L75 -> 0 | H81: =OP1_CI!O75 -> 0 | I81: =F81 -> 0 | J81: =OP1_CI!P75 -> 0 | N81: =G81+J81+M81 -> 0
B82: 7.1.2 | C82: SPI Publishing | D82: Point | E82: =OP1_CI!K76 -> 0 | F82: =IF(Input_CI!AH58="Yes",OP1_CI!G76,0) -> 0 | G82: =OP1_CI!L76 -> 0 | H82: =OP1_CI!O76 -> 0 | I82: =F82 -> 0 | J82: =OP1_CI!P76 -> 0 | N82: =SUM(G82,M82) -> 0
B83: 7.1.3 | C83: SPI Input for Instrument Data Sheets (in 3rd party system) | D83: Ea | H83: =OP1_CI!O77 -> 0.09 | I83: =IF(Input_CI!AH59="Yes",OP1_CI!$G$77,0) -> 0 | J83: =OP1_CI!P77 -> 0 | K83: =OP1_CI!W77 -> 0.21 | L83: =IF(Input_CI!AH59="Yes",OP1_CI!$G$77,0) -> 0 | M83: =K83*L83 -> 0 | N83: =G83+J83+M83 -> 0
B84: 7.1.4 | C84: S3D Publishing | D84: Ea | E84: =OP1_CI!K78 -> 0 | F84: =IF(Input_CI!AH60="Yes",OP1_CI!G78,0) -> 0 | G84: =OP1_CI!L78 -> 0 | H84: =OP1_CI!O78 -> 0 | I84: =F84 -> 0 | J84: =OP1_CI!P78 -> 0 | K84: =OP1_CI!W78 -> 0 | L84: =IF(Input_CI!AH60="Yes",OP1_CI!$G$78,0) -> 0 | M84: =OP1_CI!X78 -> 0 | N84: =SUM(G84,M84) -> 0
B85: 7.2 | C85: 3D Modelling 인력지원
B86: 7.2.1 | C86: 3D Modelling | D86: Point | E86: - | F86: =OP1_CI!G80 -> 5300 | G86: =OP1_CI!L80 -> 57 | H86: - | I86: =F86 -> 5300 | J86: =OP1_CI!P80 -> 312 | K86: - | L86: =F86 -> 5300 | M86: =OP1_CI!X80 -> 647 | N86: =G86+J86+M86 -> 1016
B87: 7.2.2 | C87: Extension Work for 3D Modeling | D87: Ea | H87: - | I87: =OP1_CI!G81 -> 0 | J87: =OP1_CI!P81 -> 0 | K87: =OP1_CI!W81 -> - | L87: =OP1_CI!$G$81 -> 0 | M87: =OP1_CI!X81 -> 0 | N87: =G87+J87+M87 -> 0
B88: 7.3 | C88: SPI 인력지원 (초급) | D88: Month | H88: - | I88: =OP1_CI!G83+OP1_CI!G84 -> 0 | J88: =OP1_CI!P83+OP1_CI!P84 -> 0 | K88: - | L88: =OP1_CI!G83+OP1_CI!G84 -> 0 | M88: =OP1_CI!X83+OP1_CI!X84 -> 0 | N88: =G88+J88+M88 -> 0
B90: 8 | C90: GEC Coordination
B91: 8.1 | C91: GEC 지원 & Coordination | D91: Month | E91: =OP1_CI!K90 -> 165 | F91: =OP1_CI!G90 -> 0 | G91: =OP1_CI!L90 -> 0 | H91: =OP1_CI!O90 -> 0 | I91: =OP1_CI!J90 -> 0 | J91: =OP1_CI!P90 -> 0 | N91: =G91+J91+M91 -> 0
B93: SUB-TOTAL (E. 설계관련 M/H) | G93: =SUM(G22:G92) -> 3658 | J93: =SUM(J22:J92) -> 4559 | M93: =SUM(M22:M92) -> 5418 | N93: =SUM(N22:N92) -> 13635
B95: P | C95: 구매 관련
B96: 1 | C96: Datasheet
B97: 1.1 | C97: Instrument Data Sheet
C98: - Packaged Instrument | D98: Ea | E98: =OP1_CI!K93 -> 4.9 | F98: =OP1_CI!G93 -> 21 | G98: =OP1_CI!L93 -> 103 | H98: =OP1_CI!O93 -> 3 | I98: =F98 -> 21 | J98: =OP1_CI!P93 -> 63 | K98: =OP1_CI!W93 -> 0 | L98: =IF(OP1_CI!W93=0,0,OP1_CI!G93) -> 0 | M98: =OP1_CI!X93 -> 0 | N98: =G98+J98+M98 -> 166
C99: - Tagged Valves | D99: Ea | E99: =OP1_CI!K94 -> 2.45 | F99: =OP1_CI!G94 -> 356 | G99: =OP1_CI!L94 -> 872 | H99: =OP1_CI!O94 -> 1.5 | I99: =F99 -> 356 | J99: =OP1_CI!P94 -> 534 | K99: =OP1_CI!W94 -> 0 | L99: =IF(OP1_CI!W94=0,0,OP1_CI!G94) -> 0 | M99: =OP1_CI!X94 -> 0 | N99: =G99+J99+M99 -> 1406
C100: - Tagged Instruments | D100: Ea | E100: =OP1_CI!K95 -> 1.05 | F100: =OP1_CI!G95 -> 751 | G100: =OP1_CI!L95 -> 789 | H100: =OP1_CI!O95 -> 0.64285714 | I100: =F100 -> 751 | J100: =OP1_CI!P95 -> 483 | K100: =OP1_CI!W95 -> 0 | L100: =IF(OP1_CI!W95=0,0,OP1_CI!G95) -> 0 | M100: =OP1_CI!X95 -> 0 | N100: =G100+J100+M100 -> 1272
B102: 2 | C102: MR
B103: 2.1 | C103: Material Requisition
C104: - Control System | D104: Set | E104: =OP1_CI!K97 -> - | F104: =OP1_CI!G97 -> 5 | G104: =OP1_CI!L97 -> 420 | H104: =OP1_CI!O97 -> - | I104: =F104 -> 5 | J104: =OP1_CI!P97 -> 257 | N104: =G104+J104+M104 -> 677
C105: - Packaged Instrument | D105: Set | E105: =OP1_CI!K98 -> 59.5 | F105: =OP1_CI!G98 -> 3 | G105: =OP1_CI!L98 -> 179 | H105: =OP1_CI!O98 -> 36.428571 | I105: =F105 -> 3 | J105: =OP1_CI!P98 -> 109 | N105: =G105+J105+M105 -> 288
C106: - Tagged Valves | D106: Set | E106: =OP1_CI!K99 -> 42 | F106: =OP1_CI!G99 -> 5 | G106: =OP1_CI!L99 -> 210 | H106: =OP1_CI!O99 -> 25.714286 | I106: =F106 -> 5 | J106: =OP1_CI!P99 -> 129 | N106: =G106+J106+M106 -> 339
C107: - Tagged Instruments | D107: Set | E107: =OP1_CI!K100 -> 42 | F107: =OP1_CI!G100 -> 8 | G107: =OP1_CI!L100 -> 336 | H107: =OP1_CI!O100 -> 25.714286 | I107: =F107 -> 8 | J107: =OP1_CI!P100 -> 206 | N107: =G107+J107+M107 -> 542
C108: - Bulk Material | D108: Set | E108: =OP1_CI!K101 -> 42 | F108: =OP1_CI!G101 -> 10 | G108: =OP1_CI!L101 -> 420 | H108: =OP1_CI!O101 -> 25.714286 | I108: =F108 -> 10 | J108: =OP1_CI!P101 -> 257 | N108: =G108+J108+M108 -> 677
B110: 3 | C110: TBE
B111: 3.1 | C111: Technical Bid Evaluation
C112: - Control System | D112: Set | E112: =OP1_CI!K103 -> - | F112: =OP1_CI!G103 -> 0 | G112: =OP1_CI!L103 -> 0 | H112: =OP1_CI!O103 -> - | I112: =F112 -> 0 | J112: =OP1_CI!P103 -> 0 | N112: =G112+J112+M112 -> 0
C113: - Packaged Instrument | D113: Set | E113: =OP1_CI!K104 -> - | F113: =OP1_CI!G104 -> 0 | G113: =OP1_CI!L104 -> 0 | H113: =OP1_CI!O104 -> - | I113: =F113 -> 0 | J113: =OP1_CI!P104 -> 0 | N113: =G113+J113+M113 -> 0
C114: - Tagged Valves | D114: Set | E114: =OP1_CI!K105 -> - | F114: =OP1_CI!G105 -> 0 | G114: =OP1_CI!L105 -> 0 | H114: =OP1_CI!O105 -> - | I114: =F114 -> 0 | J114: =OP1_CI!P105 -> 0 | N114: =G114+J114+M114 -> 0
C115: - Tagged Instruments | D115: Set | E115: =OP1_CI!K106 -> - | F115: =OP1_CI!G106 -> 0 | G115: =OP1_CI!L106 -> 0 | H115: =OP1_CI!O106 -> - | I115: =F115 -> 0 | J115: =OP1_CI!P106 -> 0 | N115: =G115+J115+M115 -> 0
C116: - Bulk Material | D116: Set | E116: =OP1_CI!K107 -> 63 | F116: =OP1_CI!G107 -> 0 | G116: =OP1_CI!L107 -> 0 | H116: =OP1_CI!O107 -> 38.571429 | I116: =F116 -> 0 | J116: =OP1_CI!P107 -> 0 | N116: =G116+J116+M116 -> 0
B117: 3.2 | C117: Instrument Check List for 3rd Party System
C118: - Major 3rd Party System | D118: Set | E118: =OP1_CI!K109 -> 17.5 | F118: =OP1_CI!G109 -> 0 | G118: =OP1_CI!L109 -> 0 | H118: =OP1_CI!O109 -> 10.714286 | I118: =F118 -> 0 | J118: =OP1_CI!P109 -> 0 | N118: =G118+J118+M118 -> 0
C119: - 3rd Party System | D119: Set | E119: =OP1_CI!K110 -> 7 | F119: =OP1_CI!G110 -> 0 | G119: =OP1_CI!L110 -> 0 | H119: =OP1_CI!O110 -> 4.2857143 | I119: =F119 -> 0 | J119: =OP1_CI!P110 -> 0 | N119: =G119+J119+M119 -> 0
B121: 4 | C121: VD Review
B122: 4.1 | C122: Vendor Data Review
C123: - Control System | D123: Set | E123: =OP1_CI!K112 -> - | F123: =OP1_CI!G112 -> 0 | G123: =OP1_CI!L112 -> 0 | H123: =OP1_CI!O112 -> - | I123: =F123 -> 0 | J123: =OP1_CI!P112 -> 0 | N123: =G123+J123+M123 -> 0
C124: - Packaged Instrument | D124: Set | E124: =OP1_CI!K113 -> - | F124: =OP1_CI!G113 -> 0 | G124: =OP1_CI!L113 -> 0 | H124: =OP1_CI!O113 -> - | I124: =F124 -> 0 | J124: =OP1_CI!P113 -> 0 | N124: =G124+J124+M124 -> 0
...

Sheet OP2-3_CI
B1: 설계소요 M/H 내역 (C&I) - 실행 | Q1: OUTPUT2-3_외부-보고: GEC + 외주-종합
B2: =CONCATENATE("GEC & 외주-종합 Case [",산출기준_CI!A5,"]") -> GEC & 외주-종합 Case [일반 Ver.] | Q2: Case3
B3: =OP1_CI!A15 -> PROJECT: Promigas CPF Project | O3: =Input_CI!AK5 -> 46255 | Q3: REV.3
B4: 구 분 | C4: Activity | D4: Size | E4: 내 부 | H4: G E C | K4: 외 주 - 종 합 | N4: Total M/H | O4: 비 고
B5: No. | E5: Unit M/H | F5: Quantity | G5: M/H | H5: Unit M/H | I5: Quantity | J5: M/H | K5: Unit M/H | L5: Quantity | M5: M/H
B7: G | C7: GENERAL
B8: 1 | C8: 마일스톤 연계 미팅
B9: 1.1 | C9: Meeting & Coordination | D9: Lot | E9: =OP1_CI!M21 -> 72 | F9: =OP1_CI!G21 -> 1 | G9: =OP1_CI!N21 -> 72 | H9: =OP1_CI!O21 -> 51.428571 | I9: =F9 -> 1 | J9: =OP1_CI!P21 -> 51 | K9: =OP1_CI!Y21 -> 17.142857 | L9: =F9 -> 1 | M9: =OP1_CI!Z21 -> 17 | N9: =G9+J9+M9 -> 140
B10: 1.2 | C10: Design Review (30%, 60%, 90%) | D10: Lot | E10: =OP1_CI!M22 -> 108 | F10: =OP1_CI!G22 -> 1 | G10: =OP1_CI!N22 -> 108 | H10: =OP1_CI!O22 -> 77.142857 | I10: =F10 -> 1 | J10: =OP1_CI!P22 -> 77 | K10: =OP1_CI!Y22 -> 25.714286 | L10: =F10 -> 1 | M10: =OP1_CI!Z22 -> 26 | N10: =G10+J10+M10 -> 211
B11: 1.3 | C11: Workshop (ITB, Package, VELL) | D11: Lot | E11: =OP1_CI!M23 -> 80 | F11: =OP1_CI!G23 -> 1 | G11: =OP1_CI!N23 -> 80 | H11: =OP1_CI!O23 -> 0 | I11: =F11 -> 1 | J11: =OP1_CI!P23 -> 0 | K11: =OP1_CI!Y23 -> 11.428571 | L11: =F11 -> 1 | M11: =OP1_CI!Z23 -> 11 | N11: =G11+J11+M11 -> 91
B13: 2 | C13: ITB Review / FEED Verification
B14: 2.1 | C14: ITB Review & Interface work. | D14: Lot | E14: =OP1_CI!M24 -> 204 | F14: =OP1_CI!G24 -> 1 | G14: =OP1_CI!N24 -> 204 | H14: =OP1_CI!O24 -> 145.71429 | I14: =F14 -> 1 | J14: =OP1_CI!P24 -> 146 | K14: =OP1_CI!Y24 -> 48.571429 | L14: =F14 -> 1 | M14: =OP1_CI!Z24 -> 49 | N14: =G14+J14+M14 -> 399
B15: 2.2 | C15: 발주처 협의 (Technical Clarification) | D15: Lot | E15: - | F15: 1 | G15: =OP1_CI!N25 -> 240 | H15: - | I15: =F15 -> 1 | J15: =OP1_CI!P25 -> 171 | K15: - | L15: =F15 -> 1 | M15: =OP1_CI!Z25 -> 57 | N15: =G15+J15+M15 -> 468
B16: 2.3 | C16: Feed Verification | D16: Lot | E16: - | F16: 1 | G16: =OP1_CI!N26 -> 240 | H16: - | I16: =F16 -> 1 | J16: =OP1_CI!P26 -> 171 | K16: - | L16: =F16 -> 1 | M16: =OP1_CI!Z26 -> 57 | N16: =G16+J16+M16 -> 468
B17: 2.4 | C17: Early Work | D17: Lot | E17: - | F17: 1 | G17: =OP1_CI!N27 -> 0 | H17: - | I17: =F17 -> 1 | J17: =OP1_CI!P27 -> 0 | K17: - | L17: =F17 -> 1 | M17: =OP1_CI!Z27 -> 0 | N17: =G17+J17+M17 -> 0
B18: 2.5 | C18: Cold Eye Review | D18: Lot | E18: - | F18: 1 | G18: =OP1_CI!N28 -> 48 | H18: - | I18: =F18 -> 1 | J18: =OP1_CI!P28 -> 34 | K18: - | L18: =F18 -> 1 | M18: =OP1_CI!Z28 -> 11 | N18: =G18+J18+M18 -> 93
B20: SUB-TOTAL (G. GENERAL M/H) | G20: =SUM(G7:G19) -> 992 | J20: =SUM(J7:J19) -> 650 | M20: =SUM(M7:M19) -> 228 | N20: =SUM(N7:N19) -> 1870
B22: E | C22: 설계 관련
B23: 1 | C23: Design Basis / Specification
B24: 1.1 | C24: Technical Specification | K24: 0
C25: - Control System | D25: Set | E25: =OP1_CI!M31 -> 72 | F25: =OP1_CI!G31 -> 0 | G25: =OP1_CI!N31 -> 0 | H25: =OP1_CI!O31 -> 51.428571 | I25: =F25 -> 0 | J25: =OP1_CI!P31 -> 0 | K25: =OP1_CI!Y31 -> 17.142857 | L25: =F25 -> 0 | M25: =OP1_CI!Z31 -> 0 | N25: =G25+J25+M25 -> 0
C26: - Packaged Instrument | D26: Set | E26: =OP1_CI!M32 -> 42 | F26: =OP1_CI!G32 -> 0 | G26: =OP1_CI!N32 -> 0 | H26: =OP1_CI!O32 -> 30 | I26: =F26 -> 0 | J26: =OP1_CI!P32 -> 0 | K26: =OP1_CI!Y32 -> 10 | L26: =F26 -> 0 | M26: =OP1_CI!Z32 -> 0 | N26: =G26+J26+M26 -> 0
C27: - Field Instrument | D27: Set | E27: =OP1_CI!M33 -> 21 | F27: =OP1_CI!G33 -> 0 | G27: =OP1_CI!N33 -> 0 | H27: =OP1_CI!O33 -> 15 | I27: =F27 -> 0 | J27: =OP1_CI!P33 -> 0 | K27: =OP1_CI!Y33 -> 5 | L27: =F27 -> 0 | M27: =OP1_CI!Z33 -> 0 | N27: =G27+J27+M27 -> 0
C28: - Others | D28: Set | E28: =OP1_CI!M34 -> 21 | F28: =OP1_CI!G34 -> 0 | G28: =OP1_CI!N34 -> 0 | H28: =OP1_CI!O34 -> 15 | I28: =F28 -> 0 | J28: =OP1_CI!P34 -> 0 | K28: =OP1_CI!Y34 -> 5 | L28: =F28 -> 0 | M28: =OP1_CI!Z34 -> 0 | N28: =G28+J28+M28 -> 0
B29: 1.2 | C29: Design Basis 작성 | D29: Lot | E29: =OP1_CI!M35 -> 204 | F29: =OP1_CI!G35 -> 1 | G29: =OP1_CI!N35 -> 204 | H29: =OP1_CI!O35 -> 145.71429 | I29: =F29 -> 1 | J29: =OP1_CI!P35 -> 146 | K29: =OP1_CI!Y35 -> 48.571429 | L29: =F29 -> 1 | M29: =OP1_CI!Z35 -> 49 | N29: =G29+J29+M29 -> 399
B31: 2 | C31: Summary / List / Table
B32: 2.1 | C32: Instrument Index | D32: Ea | E32: =OP1_CI!M36 -> 0.3 | F32: =OP1_CI!G36 -> 1539 | G32: =OP1_CI!N36 -> 462 | H32: =OP1_CI!O36 -> 0.27428571 | I32: =F32 -> 1539 | J32: =OP1_CI!P36 -> 422 | K32: =OP1_CI!Y36 -> 0.21142857 | L32: =F32 -> 1539 | M32: =OP1_CI!Z36 -> 325 | N32: =G32+J32+M32 -> 1209
B33: 2.2 | C33: ICSS IO database (IODB) | D33: Point | E33: =OP1_CI!M37 -> 0.18 | F33: =OP1_CI!G37 -> 6300 | G33: =OP1_CI!N37 -> 1134 | H33: =OP1_CI!O37 -> 0.21857143 | I33: =F33 -> 6300 | J33: =OP1_CI!P37 -> 1377 | K33: =OP1_CI!Y37 -> 0.25285714 | L33: =F33 -> 6300 | M33: =OP1_CI!Z37 -> 1593 | N33: =G33+J33+M33 -> 4104
B34: 2.3 | C34: Instrument Cable Schedule | D34: A4 | E34: =OP1_CI!M38 -> 0.18 | F34: =OP1_CI!G38 -> 0 | G34: =OP1_CI!N38 -> 0 | H34: =OP1_CI!O38 -> 1.3285714 | I34: =F34 -> 0 | J34: =OP1_CI!P38 -> 0 | K34: =OP1_CI!Y38 -> 2.8428571 | L34: =F34 -> 0 | M34: =OP1_CI!Z38 -> 0 | N34: =G34+J34+M34 -> 0
B35: 2.4 | C35: UPS / Normal Power Load List | D35: Lot | E35: =OP1_CI!M39 -> 30 | F35: =OP1_CI!G39 -> 1 | G35: =OP1_CI!N39 -> 30 | H35: =OP1_CI!O39 -> 21.428571 | I35: =F35 -> 1 | J35: =OP1_CI!P39 -> 21 | K35: =OP1_CI!Y39 -> 7.1428571 | L35: =F35 -> 1 | M35: =OP1_CI!Z39 -> 7 | N35: =G35+J35+M35 -> 58
B36: 2.5 | C36: Heat Dissipation List | D36: Lot | E36: =OP1_CI!M40 -> 30 | F36: =OP1_CI!G40 -> 1 | G36: =OP1_CI!N40 -> 30 | H36: =OP1_CI!O40 -> 21.428571 | I36: =F36 -> 1 | J36: =OP1_CI!P40 -> 21 | K36: =OP1_CI!Y40 -> 7.1428571 | L36: =F36 -> 1 | M36: =OP1_CI!Z40 -> 7 | N36: =G36+J36+M36 -> 58
B37: 2.6 | C37: Electrical / Steam Tracing List | D37: Lot | E37: =OP1_CI!M41 -> 60 | F37: =OP1_CI!G41 -> 1 | G37: =OP1_CI!N41 -> 60 | H37: =OP1_CI!O41 -> 72.857143 | I37: =F37 -> 1 | J37: =OP1_CI!P41 -> 73 | K37: =OP1_CI!Y41 -> 84.285714 | L37: =F37 -> 1 | M37: =OP1_CI!Z41 -> 84 | N37: =G37+J37+M37 -> 217
B38: 2.7 | C38: 3D Library Data | D38: Lot | E38: =OP1_CI!M42 -> 0.06 | F38: =OP1_CI!G42 -> 555 | G38: =OP1_CI!N42 -> 33 | H38: =OP1_CI!O42 -> 0.042857143 | I38: =F38 -> 555 | J38: =OP1_CI!P42 -> 24 | K38: =OP1_CI!Y42 -> 0.014285714 | L38: =F38 -> 555 | M38: =OP1_CI!Z42 -> 8 | N38: =G38+J38+M38 -> 65
B39: 2.8 | C39: Cable Tray/Duct Loading Data | D39: Lot | E39: =OP1_CI!M43 -> 30 | F39: =OP1_CI!G43 -> 1 | G39: =OP1_CI!N43 -> 30 | H39: =OP1_CI!O43 -> 36.428571 | I39: =F39 -> 1 | J39: =OP1_CI!P43 -> 36 | K39: =OP1_CI!Y43 -> 42.142857 | L39: =F39 -> 1 | M39: =OP1_CI!Z43 -> 42 | N39: =G39+J39+M39 -> 108
B40: 2.9 | C40: 타부서 Information_Others | D40: Lot | E40: =OP1_CI!M44 -> 30 | F40: =OP1_CI!G44 -> 1 | G40: =OP1_CI!N44 -> 30 | H40: =OP1_CI!O44 -> 36.428571 | I40: =F40 -> 1 | J40: =OP1_CI!P44 -> 36 | K40: =OP1_CI!Y44 -> 42.142857 | L40: =F40 -> 1 | M40: =OP1_CI!Z44 -> 42 | N40: =G40+J40+M40 -> 108
B42: 3 | C42: Calculation
B43: 3.1 | C43: Weak Frequency Calculation for Thermowell | D43: Ea | E43: =OP1_CI!M45 -> 0.3 | F43: =OP1_CI!G45 -> 0 | G43: =OP1_CI!N45 -> 0 | H43: =OP1_CI!O45 -> 0.21428571 | I43: =F43 -> 0 | J43: =OP1_CI!P45 -> 0 | K43: =OP1_CI!Y45 -> 0.071428571 | L43: =F43 -> 0 | M43: =OP1_CI!Z45 -> 0 | N43: =G43+J43+M43 -> 0
B44: 3.2 | C44: Cv (Valve Coefficient) Calculation for Sizing | D44: Ea | E44: =OP1_CI!M46 -> 0.3 | F44: =OP1_CI!G46 -> 0 | G44: =OP1_CI!N46 -> 0 | H44: =OP1_CI!O46 -> 0.21428571 | I44: =F44 -> 0 | J44: =OP1_CI!P46 -> 0 | K44: =OP1_CI!Y46 -> 0.071428571 | L44: =F44 -> 0 | M44: =OP1_CI!Z46 -> 0 | N44: =G44+J44+M44 -> 0
B45: 3.3 | C45: PSV Orificice Calculation for Sizing | D45: Ea | E45: =OP1_CI!M47 -> 0.3 | F45: =OP1_CI!G47 -> 0 | G45: =OP1_CI!N47 -> 0 | H45: =OP1_CI!O47 -> 0.21428571 | I45: =F45 -> 0 | J45: =OP1_CI!P47 -> 0 | K45: =OP1_CI!Y47 -> 0.071428571 | L45: =F45 -> 0 | M45: =OP1_CI!Z47 -> 0 | N45: =G45+J45+M45 -> 0
B46: 3.4 | C46: Flow Element Calculation | D46: Ea | E46: =OP1_CI!M48 -> 0.3 | F46: =OP1_CI!G48 -> 0 | G46: =OP1_CI!N48 -> 0 | H46: =OP1_CI!O48 -> 0.21428571 | I46: =F46 -> 0 | J46: =OP1_CI!P48 -> 0 | K46: =OP1_CI!Y48 -> 0.071428571 | L46: =F46 -> 0 | M46: =OP1_CI!Z48 -> 0 | N46: =G46+J46+M46 -> 0
B48: 4 | C48: Study / Analysis
B49: 4.1 | C49: SIL or IPF Calculation, Safety Requirement Specification (SRS) | D49: Ea | E49: =OP1_CI!M49 -> 0.9 | F49: =OP1_CI!G49 -> 200 | G49: =OP1_CI!N49 -> 180 | H49: =OP1_CI!O49 -> 0.64285714 | I49: =F49 -> 200 | J49: =OP1_CI!P49 -> 129 | K49: =OP1_CI!Y49 -> 0.21428571 | L49: =F49 -> 200 | M49: =OP1_CI!Z49 -> 43 | N49: =G49+J49+M49 -> 352
B50: 4.2 | C50: Intrinsic Safety Entity Calculation | D50: Ea | E50: =OP1_CI!M50 -> 0.3 | F50: =OP1_CI!G50 -> 0 | G50: =OP1_CI!N50 -> 0 | H50: =OP1_CI!O50 -> 0.21428571 | I50: =F50 -> 0 | J50: =OP1_CI!P50 -> 0 | K50: =OP1_CI!Y50 -> 0.071428571 | L50: =F50 -> 0 | M50: =OP1_CI!Z50 -> 0 | N50: =G50+J50+M50 -> 0
B51: 4.3 | C51: FF Entity Calculation for Segment Design | D51: Ea | E51: =OP1_CI!M51 -> 0.18 | F51: =OP1_CI!G51 -> 0 | G51: =OP1_CI!N51 -> 0 | H51: =OP1_CI!O51 -> 0.12857143 | I51: =F51 -> 0 | J51: =OP1_CI!P51 -> 0 | K51: =OP1_CI!Y51 -> 0.042857143 | L51: =F51 -> 0 | M51: =OP1_CI!Z51 -> 0 | N51: =G51+J51+M51 -> 0
B53: 5 | C53: Drawing
B54: 5.1 | C54: Control System Configuration | D54: A3 | E54: =OP1_CI!M52 -> 48 | F54: =OP1_CI!G52 -> 3 | G54: =OP1_CI!N52 -> 144 | H54: =OP1_CI!O52 -> 35.485714 | I54: =F54 -> 3 | J54: =OP1_CI!P52 -> 107 | K54: =OP1_CI!Y52 -> 14.228571 | L54: =F54 -> 3 | M54: =OP1_CI!Z52 -> 43 | N54: =G54+J54+M54 -> 294
B55: 5.2 | C55: Instrument Earthing Philosophy | D55: A3 | E55: =OP1_CI!M53 -> 3 | F55: =OP1_CI!G53 -> 2 | G55: =OP1_CI!N53 -> 6 | H55: =OP1_CI!O53 -> 8.1428571 | I55: =F55 -> 2 | J55: =OP1_CI!P53 -> 16 | K55: =OP1_CI!Y53 -> 14.714286 | L55: =F55 -> 2 | M55: =OP1_CI!Z53 -> 29 | N55: =G55+J55+M55 -> 51
B56: 5.3 | C56: Instrument Key Plan for Layout Drawings | D56: A1 | E56: =OP1_CI!M54 -> 1.2 | F56: =OP1_CI!G54 -> 6 | G56: =OP1_CI!N54 -> 7 | H56: =OP1_CI!O54 -> 8.3571429 | I56: =F56 -> 6 | J56: =OP1_CI!P54 -> 50 | K56: =OP1_CI!Y54 -> 17.785714 | L56: =F56 -> 6 | M56: =OP1_CI!Z54 -> 107 | N56: =G56+J56+M56 -> 164
B57: 5.4 | C57: Symbol & Legends for Inst. Layout Drawings | D57: A3 | E57: =OP1_CI!M55 -> 3 | F57: =OP1_CI!G55 -> 2 | G57: =OP1_CI!N55 -> 6 | H57: =OP1_CI!O55 -> 14.142857 | I57: =F57 -> 2 | J57: =OP1_CI!P55 -> 28 | K57: =OP1_CI!Y55 -> 28.714286 | L57: =F57 -> 2 | M57: =OP1_CI!Z55 -> 57 | N57: =G57+J57+M57 -> 91
B58: 5.5 | C58: Instrument Location Plan | D58: A1 | E58: =OP1_CI!M56 -> 1.2 | F58: =OP1_CI!G56 -> 0 | G58: =OP1_CI!N56 -> 0 | H58: =OP1_CI!O56 -> 6.5571429 | I58: =F58 -> 0 | J58: =OP1_CI!P56 -> 0 | K58: =OP1_CI!Y56 -> 13.585714 | L58: =F58 -> 0 | M58: =OP1_CI!Z56 -> 0 | N58: =G58+J58+M58 -> 0
B59: 5.6 | C59: Main Cable Routing layout | D59: A1 | E59: =OP1_CI!M57 -> 3 | F59: =OP1_CI!G57 -> 0 | G59: =OP1_CI!N57 -> 0 | H59: =OP1_CI!O57 -> 16.842857 | I59: =F59 -> 0 | J59: =OP1_CI!P57 -> 0 | K59: =OP1_CI!Y57 -> 35.014286 | L59: =F59 -> 0 | M59: =OP1_CI!Z57 -> 0 | N59: =G59+J59+M59 -> 0
B60: 5.7 | C60: Cable (Duct) Tray Layout | D60: A1 | E60: =OP1_CI!M58 -> 1.5 | F60: =OP1_CI!G58 -> 17 | G60: =OP1_CI!N58 -> 26 | H60: =OP1_CI!O58 -> 13.071429 | I60: =F60 -> 17 | J60: =OP1_CI!P58 -> 222 | K60: =OP1_CI!Y58 -> 28.357143 | L60: =F60 -> 17 | M60: =OP1_CI!Z58 -> 482 | N60: =G60+J60+M60 -> 730
B61: 5.8 | C61: Instrument Wiring Layout | D61: A1 | E61: =OP1_CI!M59 -> 2.4 | F61: =OP1_CI!G59 -> 0 | G61: =OP1_CI!N59 -> 0 | H61: =OP1_CI!O59 -> 21.814286 | I61: =F61 -> 0 | J61: =OP1_CI!P59 -> 0 | K61: =OP1_CI!Y59 -> 47.471429 | L61: =F61 -> 0 | M61: =OP1_CI!Z59 -> 0 | N61: =G61+J61+M61 -> 0
B62: 5.9 | C62: F&G Wiring Layout | D62: A1 | E62: =OP1_CI!M60 -> 1.8 | F62: =OP1_CI!G60 -> 0 | G62: =OP1_CI!N60 -> 0 | H62: =OP1_CI!O60 -> 16.285714 | I62: =F62 -> 0 | J62: =OP1_CI!P60 -> 0 | K62: =OP1_CI!Y60 -> 35.428571 | L62: =F62 -> 0 | M62: =OP1_CI!Z60 -> 0 | N62: =G62+J62+M62 -> 0
B63: 5.1 | C63: Instrument Air Piping Layout | D63: A1 | E63: =OP1_CI!M61 -> 1.8 | F63: =OP1_CI!G61 -> 0 | G63: =OP1_CI!N61 -> 0 | H63: =OP1_CI!O61 -> 11.485714 | I63: =F63 -> 0 | J63: =OP1_CI!P61 -> 0 | K63: =OP1_CI!Y61 -> 24.228571 | L63: =F63 -> 0 | M63: =OP1_CI!Z61 -> 0 | N63: =G63+J63+M63 -> 0
B64: 5.11 | C64: Control Room / PIB Equipment layout | D64: A1 | E64: =OP1_CI!M62 -> 1.8 | F64: =OP1_CI!G62 -> 12 | G64: =OP1_CI!N62 -> 22 | H64: =OP1_CI!O62 -> 11.485714 | I64: =F64 -> 12 | J64: =OP1_CI!P62 -> 137 | K64: =OP1_CI!Y62 -> 24.228571 | L64: =F64 -> 12 | M64: =OP1_CI!Z62 -> 291 | N64: =G64+J64+M64 -> 450
B65: 5.12 | C65: Control Room / PIB Cable Tray Layout | D65: A1 | E65: =OP1_CI!M63 -> 2.4 | F65: =OP1_CI!G63 -> 8 | G65: =OP1_CI!N63 -> 19 | H65: =OP1_CI!O63 -> 13.714286 | I65: =F65 -> 8 | J65: =OP1_CI!P63 -> 110 | K65: =OP1_CI!Y63 -> 28.571429 | L65: =F65 -> 8 | M65: =OP1_CI!Z63 -> 229 | N65: =G65+J65+M65 -> 358
... B74: 5.21 | C74: Logic Diagram | D74: A3 | E74: =OP1_CI!M72 -> 1.2 | F74: =OP1_CI!G72 -> 200 | G74: =OP1_CI!N72 -> 240 | H74: =OP1_CI!O72 -> 2.3571429 | I74: =F74 -> 200 | J74: =OP1_CI!P72 -> 471 | K74: =OP1_CI!Y72 -> 3.7857143 | L74: =F74 -> 200 | M74: =OP1_CI!Z72 -> 757 | N74: =G74+J74+M74 -> 1468
B76: 6 | C76: MTO
B77: 6.1 | C77: MTO | D77: Lot | E77: =OP1_CI!M73 -> 240 | F77: =OP1_CI!G73 -> 1 | G77: =OP1_CI!N73 -> 240 | H77: =OP1_CI!O73 -> - | I77: =F77 -> 1 | J77: =OP1_CI!P73 -> 441 | K77: - | L77: =F77 -> 1 | M77: =OP1_CI!Z73 -> 687 | N77: =G77+J77+M77 -> 1368
B79: 7 | C79: 3D Modeling & IT Solution
B80: 7.1 | C80: SPI Admin. & SPF
B81: 7.1.1 | C81: SPI Admin. | D81: Point | E81: =OP1_CI!M75 -> 0 | F81: =IF(Input_CI!AH57="Yes",OP1_CI!G75,0) -> 0 | G81: =OP1_CI!N75 -> 0 | H81: =OP1_CI!O75 -> 0 | I81: =F81 -> 0 | J81: =OP1_CI!P75 -> 0 | K81: =OP1_CI!Y75 -> 0 | L81: =F81 -> 0 | M81: =OP1_CI!Z75 -> 0 | N81: =G81+J81+M81 -> 0
B82: 7.1.2 | C82: SPI Publishing | D82: Point | E82: =OP1_CI!M76 -> 0 | F82: =IF(Input_CI!AH58="Yes",OP1_CI!G76,0) -> 0 | G82: =OP1_CI!N76 -> 0 | H82: =OP1_CI!O76 -> 0 | I82: =F82 -> 0 | J82: =OP1_CI!P76 -> 0 | K82: =OP1_CI!Y76 -> 0 | L82: =IF(Input_CI!AH58="Yes",OP1_CI!$G$76,0) -> 0 | M82: =OP1_CI!Z76 -> 0 | N82: =G82+J82+M82 -> 0
B83: 7.1.3 | C83: SPI Input for Instrument Data Sheets (in 3rd party system) | D83: Ea | H83: =OP1_CI!O77 -> 0.09 | I83: =IF(Input_CI!AH59="Yes",OP1_CI!$G$77,0) -> 0 | J83: =OP1_CI!P77 -> 0 | K83: =OP1_CI!Y77 -> 0.3 | L83: =IF(Input_CI!AH59="Yes",OP1_CI!$G$77,0) -> 0 | M83: =K83*L83 -> 0 | N83: =G83+J83+M83 -> 0
B84: 7.1.4 | C84: S3D Publishing | D84: Ea | E84: =OP1_CI!M78 -> 0 | F84: =IF(Input_CI!AH60="Yes",OP1_CI!G78,0) -> 0 | G84: =OP1_CI!N78 -> 0 | H84: =OP1_CI!O78 -> 0 | I84: =F84 -> 0 | J84: =OP1_CI!P78 -> 0 | K84: =OP1_CI!Y78 -> 0 | L84: =IF(Input_CI!AH60="Yes",OP1_CI!$G$78,0) -> 0 | M84: =OP1_CI!Z78 -> 0 | N84: =G84+J84+M84 -> 0
B85: 7.2 | C85: 3D Modelling 인력지원
B86: 7.2.1 | C86: 3D Modelling | D86: Point | E86: - | F86: =OP1_CI!G80 -> 5300 | G86: =OP1_CI!N80 -> 49 | H86: - | I86: =F86 -> 5300 | J86: =OP1_CI!P80 -> 312 | K86: - | L86: =F86 -> 5300 | M86: =OP1_CI!Z80 -> 658 | N86: =G86+J86+M86 -> 1019
B87: 7.2.2 | C87: Extension Work for 3D Modeling | D87: Ea | H87: - | I87: =OP1_CI!G81 -> 0 | J87: =OP1_CI!P81 -> 0 | K87: =OP1_CI!Y81 -> - | L87: =OP1_CI!$G$81 -> 0 | M87: =OP1_CI!Z81 -> 0 | N87: =G87+J87+M87 -> 0
B88: 7.3 | C88: SPI 인력지원 (초급) | D88: Month | H88: - | I88: =OP1_CI!G83+OP1_CI!G84 -> 0 | J88: =OP1_CI!P83+OP1_CI!P84 -> 0 | K88: - | L88: =OP1_CI!G83+OP1_CI!G84 -> 0 | M88: =OP1_CI!Z83+OP1_CI!Z84 -> 0 | N88: =G88+J88+M88 -> 0
B90: 8 | C90: GEC Coordination
B91: 8.1 | C91: GEC 지원 & Coordination | D91: Month | E91: =OP1_CI!M90 -> 165 | F91: =OP1_CI!G90 -> 0 | G91: =OP1_CI!N90 -> 0 | H91: =OP1_CI!O90 -> 0 | I91: =OP1_CI!J90 -> 0 | J91: =OP1_CI!P90 -> 0 | N91: =G91+J91+M91 -> 0
B93: SUB-TOTAL (E. 설계관련 M/H) | G93: =SUM(G22:G92) -> 3136 | J93: =SUM(J22:J92) -> 4559 | M93: =SUM(M22:M92) -> 6163 | N93: =SUM(N22:N92) -> 13858
B95: P | C95: 구매 관련
B96: 1 | C96: Datasheet
B97: 1.1 | C97: Instrument Data Sheet
C98: - Packaged Instrument | D98: Ea | E98: =OP1_CI!M93 -> 4.2 | F98: =OP1_CI!G93 -> 21 | G98: =OP1_CI!N93 -> 88 | H98: =OP1_CI!O93 -> 3 | I98: =F98 -> 21 | J98: =OP1_CI!P93 -> 63 | K98: =OP1_CI!Y93 -> 1 | L98: =F98 -> 21 | M98: =OP1_CI!Z93 -> 21 | N98: =G98+J98+M98 -> 172
C99: - Tagged Valves | D99: Ea | E99: =OP1_CI!M94 -> 2.1 | F99: =OP1_CI!G94 -> 356 | G99: =OP1_CI!N94 -> 748 | H99: =OP1_CI!O94 -> 1.5 | I99: =F99 -> 356 | J99: =OP1_CI!P94 -> 534 | K99: =OP1_CI!Y94 -> 0.5 | L99: =F99 -> 356 | M99: =OP1_CI!Z94 -> 178 | N99: =G99+J99+M99 -> 1460
C100: - Tagged Instruments | D100: Ea | E100: =OP1_CI!M95 -> 0.9 | F100: =OP1_CI!G95 -> 751 | G100: =OP1_CI!N95 -> 676 | H100: =OP1_CI!O95 -> 0.64285714 | I100: =F100 -> 751 | J100: =OP1_CI!P95 -> 483 | K100: =OP1_CI!Y95 -> 0.21428571 | L100: =F100 -> 751 | M100: =OP1_CI!Z95 -> 161 | N100: =G100+J100+M100 -> 1320
B102: 2 | C102: MR
B103: 2.1 | C103: Material Requisition
C104: - Control System | D104: Set | E104: =OP1_CI!M97 -> - | F104: =OP1_CI!G97 -> 5 | G104: =OP1_CI!N97 -> 360 | H104: =OP1_CI!O97 -> - | I104: =F104 -> 5 | J104: =OP1_CI!P97 -> 257 | K104: =OP1_CI!Y97 -> - | L104: =F104 -> 5 | M104: =OP1_CI!Z97 -> 86 | N104: =G104+J104+M104 -> 703
C105: - Packaged Instrument | D105: Set | E105: =OP1_CI!M98 -> 51 | F105: =OP1_CI!G98 -> 3 | G105: =OP1_CI!N98 -> 153 | H105: =OP1_CI!O98 -> 36.428571 | I105: =F105 -> 3 | J105: =OP1_CI!P98 -> 109 | K105: =OP1_CI!Y98 -> 12.142857 | L105: =F105 -> 3 | M105: =OP1_CI!Z98 -> 36 | N105: =G105+J105+M105 -> 298
C106: - Tagged Valves | D106: Set | E106: =OP1_CI!M99 -> 36 | F106: =OP1_CI!G99 -> 5 | G106: =OP1_CI!N99 -> 180 | H106: =OP1_CI!O99 -> 25.714286 | I106: =F106 -> 5 | J106: =OP1_CI!P99 -> 129 | K106: =OP1_CI!Y99 -> 8.5714286 | L106: =F106 -> 5 | M106: =OP1_CI!Z99 -> 43 | N106: =G106+J106+M106 -> 352
C107: - Tagged Instruments | D107: Set | E107: =OP1_CI!M100 -> 36 | F107: =OP1_CI!G100 -> 8 | G107: =OP1_CI!N100 -> 288 | H107: =OP1_CI!O100 -> 25.714286 | I107: =F107 -> 8 | J107: =OP1_CI!P100 -> 206 | K107: =OP1_CI!Y100 -> 8.5714286 | L107: =F107 -> 8 | M107: =OP1_CI!Z100 -> 69 | N107: =G107+J107+M107 -> 563
C108: - Bulk Material | D108: Set | E108: =OP1_CI!M101 -> 36 | F108: =OP1_CI!G101 -> 10 | G108: =OP1_CI!N101 -> 360 | H108: =OP1_CI!O101 -> 25.714286 | I108: =F108 -> 10 | J108: =OP1_CI!P101 -> 257 | K108: =OP1_CI!Y101 -> 8.5714286 | L108: =F108 -> 10 | M108: =OP1_CI!Z101 -> 86 | N108: =G108+J108+M108 -> 703
B110: 3 | C110: TBE
B111: 3.1 | C111: Technical Bid Evaluation | K111: 0 | L111: 0
C112: - Control System | D112: Set | E112: =OP1_CI!M103 -> - | F112: =OP1_CI!G103 -> 0 | G112: =OP1_CI!N103 -> 0 | H112: =OP1_CI!O103 -> - | I112: =F112 -> 0 | J112: =OP1_CI!P103 -> 0 | K112: =OP1_CI!Y103 -> - | L112: =F112 -> 0 | M112: =OP1_CI!Z103 -> 0 | N112: =G112+J112+M112 -> 0
C113: - Packaged Instrument | D113: Set | E113: =OP1_CI!M104 -> - | F113: =OP1_CI!G104 -> 0 | G113: =OP1_CI!N104 -> 0 | H113: =OP1_CI!O104 -> - | I113: =F113 -> 0 | J113: =OP1_CI!P104 -> 0 | K113: =OP1_CI!Y104 -> - | L113: =F113 -> 0 | M113: =OP1_CI!Z104 -> 0 | N113: =G113+J113+M113 -> 0
C114: - Tagged Valves | D114: Set | E114: =OP1_CI!M105 -> - | F114: =OP1_CI!G105 -> 0 | G114: =OP1_CI!N105 -> 0 | H114: =OP1_CI!O105 -> - | I114: =F114 -> 0 | J114: =OP1_CI!P105 -> 0 | K114: =OP1_CI!Y105 -> - | L114: =F114 -> 0 | M114: =OP1_CI!Z105 -> 0 | N114: =G114+J114+M114 -> 0
C115: - Tagged Instruments | D115: Set | E115: =OP1_CI!M106 -> - | F115: =OP1_CI!G106 -> 0 | G115: =OP1_CI!N106 -> 0 | H115: =OP1_CI!O106 -> - | I115: =F115 -> 0 | J115: =OP1_CI!P106 -> 0 | K115: =OP1_CI!Y106 -> - | L115: =F115 -> 0 | M115: =OP1_CI!Z106 -> 0 | N115: =G115+J115+M115 -> 0
C116: - Bulk Material | D116: Set | E116: =OP1_CI!M107 -> 54 | F116: =OP1_CI!G107 -> 0 | G116: =OP1_CI!N107 -> 0 | H116: =OP1_CI!O107 -> 38.571429 | I116: =F116 -> 0 | J116: =OP1_CI!P107 -> 0 | K116: =OP1_CI!Y107 -> 12.857143 | L116: =F116 -> 0 | M116: =OP1_CI!Z107 -> 0 | N116: =G116+J116+M116 -> 0
B117: 3.2 | C117: Instrument Check List for 3rd Party System
C118: - Major 3rd Party System | D118: Set | E118: =OP1_CI!M109 -> 15 | F118: =OP1_CI!G109 -> 0 | G118: =OP1_CI!N109 -> 0 | H118: =OP1_CI!O109 -> 10.714286 | I118: =F118 -> 0 | J118: =OP1_CI!P109 -> 0 | K118: =OP1_CI!Y109 -> 3.5714286 | L118: =F118 -> 0 | M118: =OP1_CI!Z109 -> 0 | N118: =G118+J118+M118 -> 0
C119: - 3rd Party System | D119: Set | E119: =OP1_CI!M110 -> 6 | F119: =OP1_CI!G110 -> 0 | G119: =OP1_CI!N110 -> 0 | H119: =OP1_CI!O110 -> 4.2857143 | I119: =F119 -> 0 | J119: =OP1_CI!P110 -> 0 | K119: =OP1_CI!Y110 -> 1.4285714 | L119: =F119 -> 0 | M119: =OP1_CI!Z110 -> 0 | N119: =G119+J119+M119 -> 0
B121: 4 | C121: VD Review
B122: 4.1 | C122: Vendor Data Review
C123: - Control System | D123: Set | E123: =OP1_CI!M112 -> - | F123: =OP1_CI!G112 -> 0 | G123: =OP1_CI!N112 -> 0 | H123: =OP1_CI!O112 -> - | I123: =F123 -> 0 | J123: =OP1_CI!P112 -> 0 | K123: =OP1_CI!Y112 -> - | L123: =F123 -> 0 | M123: =OP1_CI!Z112 -> 0 | N123: =G123+J123+M123 -> 0
C124: - Packaged Instrument | D124: Set | E124: =OP1_CI!M113 -> - | F124: =OP1_CI!G113 -> 0 | G124: =OP1_CI!N113 -> 0 | H124: =OP1_CI!O113 -> - | I124: =F124 -> 0 | J124: =OP1_CI!P113 -> 0 | K124: =OP1_CI!Y113 -> - | L124: =F124 -> 0 | M124: =OP1_CI!Z113 -> 0 | N124: =G124+J124+M124 -> 0
...

Sheet 산출기준_TEL
A1: 통신 설계 화공 실행사업 MH 산출기준 (Rev.3) | U1: 산출기준_수정금지
A3: 산출기준 적용 Version (일반 vs 외주최소화 Ver.) | F3: Notes
F4: 1. | G4: 표준 Unit M/H 난이도 '상, 중, 하'는 PJT 특성 (발주처 성향, PMC 개입여부, 승인 Level 및 절차 등) 및 Condition 등을 고려 결정 | P4: 외주최소화 적용 유무에 따라 달라지는 값
A5: =IF(Input_TEL!E3="Yes", "외주최소화 Ver.", "일반 Ver.") -> 일반 Ver. | F5: 2. | G5: Revamping등 특이한 Case는 난이도를 N/A로 처리하고 산출기준과는 관례없이 현실에 맞는 M/H를 적용 | P5: 외추최소화 적용 유무와 상관없이 유지되는 값
Q6: 45838 | U6: Rev.3
A7: NO. | B7: Category Code | C7: Activity | E7: 단위 | F7: 난이도별 Unit M/H | N7: 내부/외부 MAN HOUR 산출 지침 및 Drawing상 반영되야 할 Min. requirement | O7: MAN-HOUR 산출 지침
F8: 내부 Unit M/H | J8: 외부 Unit M/H | O8: Scale | P8: 역무 | Q8: 도면 매수 산정 Guide
F9: SPI | G9: 상 | H9: 중 | I9: 하 | J9: SPI | K9: 상 | L9: 중 | M9: 하
A11: G | C11: GENERAL
A12: 1 | B12: G1 | C12: 마일스톤 연계 미팅
C13: 1) | D13: Meeting & Coordination | E13: Lot | G13: 40 | H13: 30 | I13: 15 | K13: - | L13: - | M13: - | N13: LE 미팅, 설계 정보 전달 | Q13: 난이도 "중" 기준 60 M/H 고려
C14: 2) | D14: Design Review (30%, 60%, 90%) | E14: Lot | G14: 60 | H14: 40 | I14: 20 | K14: - | L14: - | M14: - | N14: 각 단계별 3D Model Review 참석 | Q14: 난이도 "중" 기준 Instrument Review 시 10 Working Day 참석 (30% : 2일, 60% : 4일, 90% : 4일)
A16: 2 | B16: G2 | C16: 인허가 지원 업무
C17: 1) | D17: Radio Frequency/장비 License 관련 인허가 Support | E17: Lot | G17: 40 | H17: 40 | I17: 40 | K17: - | L17: - | M17: - | N17: Marine 있을 경우 2ea | O17: N/A | P17: 설계
C18: 2) | D18: Security Plan (Marine) | E18: Lot | G18: 240 | H18: 120 | I18: 120 | K18: - | L18: - | M18: - | N18: 1) 통신 주관 : 상 (EGAT) 2) PM/EM 주관 : 중 (KLNG)
C19: 3) | D19: Global/Local Regulation | E19: Lot | G19: 240 | H19: 240 | I19: 240 | K19: - | L19: - | M19: -
D20: 1. HCIS (Safety/FireFighting/Security - 사우디), 2. CNBOP (FA/FireFighting/Security/PAGA - 폴란드), 3. BICSI (통신, - 미국,사우디), 4. KIIS (통신 - 우즈벡), 5. KITSO (Secuirty - 우즈벡), 6. ROP(오만), 7. CICPA(UAE), 8. 국정원, 정통부 (통신 - 국내) | N20: 1) 통신, Security 한정, 그 외 EM 주관 2) 여러 항목 해당할 경우는 수량으로 처리
C21: 4) | D21: GSM | E21: Lot | G21: 120 | H21: 120 | I21: 120 | K21: - | L21: - | M21: -
C22: 5) | D22: 국내 - 통신설비 건축인허가 | E22: Lot | G22: =IF($A$5="일반 Ver.", 120, 140) -> 120 | H22: =IF($A$5="일반 Ver.", 120, 140) -> 120 | I22: =IF($A$5="일반 Ver.", 120, 140) -> 120 | K22: =IF($A$5="일반 Ver.", 100, 80) -> 100 | L22: =IF($A$5="일반 Ver.", 100, 80) -> 100 | M22: =IF($A$5="일반 Ver.", 100, 80) -> 100 | N22: Backbone, Telephone - 계통도, 평면도 (Wiring 포함) | Q22: Backbone, Telephone - 계통도, 평면도 (Wiring 포함) - Layout * 0.5로MH 적용함.
C23: 6) | D23: 국내 - 비상방송설비 소방인허가 | E23: Lot | G23: =IF($A$5="일반 Ver.", 120, 140) -> 120 | H23: =IF($A$5="일반 Ver.", 120, 140) -> 120 | I23: =IF($A$5="일반 Ver.", 120, 140) -> 120 | K23: =IF($A$5="일반 Ver.", 100, 80) -> 100 | L23: =IF($A$5="일반 Ver.", 100, 80) -> 100 | M23: =IF($A$5="일반 Ver.", 100, 80) -> 100 | N23: PA, Paging - 계통도, 평면도 (Wiring 포함) : 연면적 3500sqmm 이상 건축물 | Q23: PA, Paging - 계통도, 평면도 (Wiring 포함) : 연면적 3500sqmm 이상 건축물 - Layout * 0.5로MH 적용함.
A25: 3 | B25: G3 | C25: ITB Review / FEED Verification
C26: 1) | D26: ITB Review & Interface work. | E26: Lot | G26: 120 | H26: 80 | I26: 40 | K26: - | L26: - | M26: - | N26: ITB Review & Workshop, 입찰/실행 인수인계, MDR/MSR 작성, JV/Consortium 업무, W/G(UG, Module 등) | O26: N/A | P26: 설계 | Q26: 난이도 "중" 기준 150 M/H 고려
C27: 2) | D27: 발주처 협의 | E27: 명 | G27: 80 | H27: 60 | I27: 30 | K27: - | L27: - | M27: - | N27: VE제안, Letter/TQ 작성, Technical Support | Q27: 난이도 "중" 기준 프로젝트 수행 초기 2개월 (3명 x 1.5MH/Day)
C28: 3) | D28: Feed Verification | E28: 명 | G28: 80 | H28: 60 | I28: 30 | K28: - | L28: - | M28: - | N28: FEED 문서 검토 및 Clarification | Q28: 난이도 "중" 기준프로젝트 수행 초기 2개월 (3명 x 1.5MH/Day)
C29: 4) | D29: Early Work | E29: 명 | G29: 200 | H29: 160 | I29: 75 | K29: - | L29: - | M29: - | N29: Package 업무 Support, IO Summary 작성, MR Draft 작성 (ICSS, Valve) | Q29: 난이도 "중" 기준프로젝트 수행 초기 2개월 (1명 x 4MH/Day)
A31: E | C31: ENGINEERING (설계 관련)
A32: 1 | B32: E1 | C32: Design Basis / Specification
C33: 1) | D33: Techincal Specification | N33: 1) ITB Develop 개념 2) 협력사 : 도서 당 8 M/H (도서 양식(4MH), Revision 변경(4MH)) | O33: N/A | P33: 설계
D34: Telecommunication System | O34: N/A | P34: 설계
D35: - Telephone System (TEL) | E35: Set | G35: =IF($A$5="일반 Ver.", 70, 78) -> 70 | H35: =IF($A$5="일반 Ver.", 35, 43) -> 35 | I35: =IF($A$5="일반 Ver.", 20, 28) -> 20 | K35: =IF($A$5="일반 Ver.", 8, 0) -> 8 | L35: =IF($A$5="일반 Ver.", 8, 0) -> 8 | M35: =IF($A$5="일반 Ver.", 8, 0) -> 8
D36: - Data Transmission System (LAN) | E36: Set | G36: =IF($A$5="일반 Ver.", 200, 208) -> 200 | H36: =IF($A$5="일반 Ver.", 120, 128) -> 120 | I36: =IF($A$5="일반 Ver.", 60, 68) -> 60 | K36: =IF($A$5="일반 Ver.", 8, 0) -> 8 | L36: =IF($A$5="일반 Ver.", 8, 0) -> 8 | M36: =IF($A$5="일반 Ver.", 8, 0) -> 8
D37: - Network Management System (NMS) | E37: Set | G37: =IF($A$5="일반 Ver.", 140, 148) -> 140 | H37: =IF($A$5="일반 Ver.", 70, 78) -> 70 | I37: =IF($A$5="일반 Ver.", 40, 48) -> 40 | K37: =IF($A$5="일반 Ver.", 8, 0) -> 8 | L37: =IF($A$5="일반 Ver.", 8, 0) -> 8 | M37: =IF($A$5="일반 Ver.", 8, 0) -> 8
D38: - Wireless LAN | E38: Set | G38: =IF($A$5="일반 Ver.", 70, 78) -> 70 | H38: =IF($A$5="일반 Ver.", 35, 43) -> 35 | I38: =IF($A$5="일반 Ver.", 20, 28) -> 20 | K38: =IF($A$5="일반 Ver.", 8, 0) -> 8 | L38: =IF($A$5="일반 Ver.", 8, 0) -> 8 | M38: =IF($A$5="일반 Ver.", 8, 0) -> 8
D39: - Industrial WIFI System | E39: Set | G39: =IF($A$5="일반 Ver.", 70, 78) -> 70 | H39: =IF($A$5="일반 Ver.", 35, 43) -> 35 | I39: =IF($A$5="일반 Ver.", 20, 28) -> 20 | K39: =IF($A$5="일반 Ver.", 8, 0) -> 8 | L39: =IF($A$5="일반 Ver.", 8, 0) -> 8 | M39: =IF($A$5="일반 Ver.", 8, 0) -> 8
D40: - Plant Radio System | E40: Set | G40: =IF($A$5="일반 Ver.", 140, 148) -> 140 | H40: =IF($A$5="일반 Ver.", 70, 78) -> 70 | I40: =IF($A$5="일반 Ver.", 40, 48) -> 40 | K40: =IF($A$5="일반 Ver.", 8, 0) -> 8 | L40: =IF($A$5="일반 Ver.", 8, 0) -> 8 | M40: =IF($A$5="일반 Ver.", 8, 0) -> 8
D41: - Marine Radio System | E41: Set | G41: =IF($A$5="일반 Ver.", 70, 78) -> 70 | H41: =IF($A$5="일반 Ver.", 35, 43) -> 35 | I41: =IF($A$5="일반 Ver.", 20, 28) -> 20 | K41: =IF($A$5="일반 Ver.", 8, 0) -> 8 | L41: =IF($A$5="일반 Ver.", 8, 0) -> 8 | M41: =IF($A$5="일반 Ver.", 8, 0) -> 8
D42: - Process CCTV System | E42: Set | G42: =IF($A$5="일반 Ver.", 200, 208) -> 200 | H42: =IF($A$5="일반 Ver.", 120, 128) -> 120 | I42: =IF($A$5="일반 Ver.", 60, 68) -> 60 | K42: =IF($A$5="일반 Ver.", 8, 0) -> 8 | L42: =IF($A$5="일반 Ver.", 8, 0) -> 8 | M42: =IF($A$5="일반 Ver.", 8, 0) -> 8
D43: - Public Address/General Alarm System (PAGA) | E43: Set | G43: =IF($A$5="일반 Ver.", 200, 208) -> 200 | H43: =IF($A$5="일반 Ver.", 120, 128) -> 120 | I43: =IF($A$5="일반 Ver.", 60, 68) -> 60 | K43: =IF($A$5="일반 Ver.", 8, 0) -> 8 | L43: =IF($A$5="일반 Ver.", 8, 0) -> 8 | M43: =IF($A$5="일반 Ver.", 8, 0) -> 8 | N43: PAGA/PAGING이 별도일 경우, 수량으로 대체 예시1) Aramco의 경우 ISP, Process용 PAGA가 각각 있는 경우, 예시2) PA, PAGING 각각 있는 경우
D44: - Siren System | E44: Set | G44: =IF($A$5="일반 Ver.", 70, 78) -> 70 | H44: =IF($A$5="일반 Ver.", 35, 43) -> 35 | I44: =IF($A$5="일반 Ver.", 20, 28) -> 20 | K44: =IF($A$5="일반 Ver.", 8, 0) -> 8 | L44: =IF($A$5="일반 Ver.", 8, 0) -> 8 | M44: =IF($A$5="일반 Ver.", 8, 0) -> 8
D45: - Structured Cabling System (SCS) | E45: Set | G45: =IF($A$5="일반 Ver.", 70, 78) -> 70 | H45: =IF($A$5="일반 Ver.", 35, 43) -> 35 | I45: =IF($A$5="일반 Ver.", 20, 28) -> 20 | K45: =IF($A$5="일반 Ver.", 8, 0) -> 8 | L45: =IF($A$5="일반 Ver.", 8, 0) -> 8 | M45: =IF($A$5="일반 Ver.", 8, 0) -> 8
D46: - OutSide Plant (OSP) | E46: Set | G46: =IF($A$5="일반 Ver.", 70, 78) -> 70 | H46: =IF($A$5="일반 Ver.", 35, 43) -> 35 | I46: =IF($A$5="일반 Ver.", 20, 28) -> 20 | K46: =IF($A$5="일반 Ver.", 8, 0) -> 8 | L46: =IF($A$5="일반 Ver.", 8, 0) -> 8 | M46: =IF($A$5="일반 Ver.", 8, 0) -> 8
D47: - Others | E47: Set | G47: =IF($A$5="일반 Ver.", 70, 78) -> 70 | H47: =IF($A$5="일반 Ver.", 35, 43) -> 35 | I47: =IF($A$5="일반 Ver.", 20, 28) -> 20 | K47: =IF($A$5="일반 Ver.", 8, 0) -> 8 | L47: =IF($A$5="일반 Ver.", 8, 0) -> 8 | M47: =IF($A$5="일반 Ver.", 8, 0) -> 8 | N47: 그 외 System은 수량으로 대체
D48: Security System | O48: N/A | P48: 설계
D49: - Data Transmission System (LAN) | E49: Set | G49: =IF($A$5="일반 Ver.", 200, 208) -> 200 | H49: =IF($A$5="일반 Ver.", 120, 128) -> 120 | I49: =IF($A$5="일반 Ver.", 60, 68) -> 60 | K49: =IF($A$5="일반 Ver.", 8, 0) -> 8 | L49: =IF($A$5="일반 Ver.", 8, 0) -> 8 | M49: =IF($A$5="일반 Ver.", 8, 0) -> 8
D50: - Access Control System (ACS) | E50: Set | G50: =IF($A$5="일반 Ver.", 140, 148) -> 140 | H50: =IF($A$5="일반 Ver.", 70, 78) -> 70 | I50: =IF($A$5="일반 Ver.", 40, 48) -> 40 | K50: =IF($A$5="일반 Ver.", 8, 0) -> 8 | L50: =IF($A$5="일반 Ver.", 8, 0) -> 8 | M50: =IF($A$5="일반 Ver.", 8, 0) -> 8 | N50: ACS 별도일 경우, 수량으로 대체 예시1) Aramco의 경우 OSP, Process용 ACS 가 각각 있는 경우,
D51: - Intrusion Detection System (IDS) | E51: Set | G51: =IF($A$5="일반 Ver.", 140, 148) -> 140 | H51: =IF($A$5="일반 Ver.", 70, 78) -> 70 | I51: =IF($A$5="일반 Ver.", 40, 48) -> 40 | K51: =IF($A$5="일반 Ver.", 8, 0) -> 8 | L51: =IF($A$5="일반 Ver.", 8, 0) -> 8 | M51: =IF($A$5="일반 Ver.", 8, 0) -> 8
D52: - Security CCTV System | E52: Set | G52: =IF($A$5="일반 Ver.", 200, 208) -> 200 | H52: =IF($A$5="일반 Ver.", 120, 128) -> 120 | I52: =IF($A$5="일반 Ver.", 60, 68) -> 60 | K52: =IF($A$5="일반 Ver.", 8, 0) -> 8 | L52: =IF($A$5="일반 Ver.", 8, 0) -> 8 | M52: =IF($A$5="일반 Ver.", 8, 0) -> 8
D53: - Physical Security Management System (PSIM) | E53: Set | G53: =IF($A$5="일반 Ver.", 200, 208) -> 200 | H53: =IF($A$5="일반 Ver.", 120, 128) -> 120 | I53: =IF($A$5="일반 Ver.", 60, 68) -> 60 | K53: =IF($A$5="일반 Ver.", 8, 0) -> 8 | L53: =IF($A$5="일반 Ver.", 8, 0) -> 8 | M53: =IF($A$5="일반 Ver.", 8, 0) -> 8
D54: - Others | E54: Set | G54: =IF($A$5="일반 Ver.", 70, 78) -> 70 | H54: =IF($A$5="일반 Ver.", 35, 43) -> 35 | I54: =IF($A$5="일반 Ver.", 20, 28) -> 20 | K54: =IF($A$5="일반 Ver.", 8, 0) -> 8 | L54: =IF($A$5="일반 Ver.", 8, 0) -> 8 | M54: =IF($A$5="일반 Ver.", 8, 0) -> 8 | N54: 그 외 System은 수량으로 대체 예시) Fire Trainee Monitoring System Long Range Dection Asssement System
C55: 2) | D55: Block Diagram | N55: 1) 1장 기준이므로, System 별, Project 규모를 고려할 것 예시, EGAT - PAGA Block의 경우 5UNIT, 총 7 PAGE 작성함) 2) Site 규모가 작은 경우 병합 고려 예시, 1) TEL/LAN/Radio, 2) PAGA/Siren, 3) ACS/IDS/PSIM/Security CCTV | O55: N/A | P55: 설계
D56: Telecommunication System | O56: N/A | P56: 설계
D57: - Telephone System (TEL) | E57: Set | G57: =IF($A$5="일반 Ver.", 50, 55) -> 50 | H57: =IF($A$5="일반 Ver.", 40, 45) -> 40 | I57: =IF($A$5="일반 Ver.", 30, 35) -> 30 | K57: =IF($A$5="일반 Ver.", 20, 15) -> 20 | L57: =IF($A$5="일반 Ver.", 20, 15) -> 20 | M57: =IF($A$5="일반 Ver.", 20, 15) -> 20
D58: - Data Transmission System (LAN) | E58: Set | G58: =IF($A$5="일반 Ver.", 120,125) -> 120 | H58: =IF($A$5="일반 Ver.", 80, 85) -> 80 | I58: =IF($A$5="일반 Ver.", 60, 65) -> 60 | K58: =IF($A$5="일반 Ver.", 20, 15) -> 20 | L58: =IF($A$5="일반 Ver.", 20, 15) -> 20 | M58: =IF($A$5="일반 Ver.", 20, 15) -> 20
D59: - Network Management System (NMS) | E59: Set | G59: =IF($A$5="일반 Ver.", 50, 55) -> 50 | H59: =IF($A$5="일반 Ver.", 40, 45) -> 40 | I59: =IF($A$5="일반 Ver.", 30, 35) -> 30 | K59: =IF($A$5="일반 Ver.", 20, 15) -> 20 | L59: =IF($A$5="일반 Ver.", 20, 15) -> 20 | M59: =IF($A$5="일반 Ver.", 20, 15) -> 20
D60: - Wireless LAN | E60: Set | G60: =IF($A$5="일반 Ver.", 50, 55) -> 50 | H60: =IF($A$5="일반 Ver.", 40, 45) -> 40 | I60: =IF($A$5="일반 Ver.", 30, 35) -> 30 | K60: =IF($A$5="일반 Ver.", 20, 15) -> 20 | L60: =IF($A$5="일반 Ver.", 20, 15) -> 20 | M60: =IF($A$5="일반 Ver.", 20, 15) -> 20
D61: - Industrial WIFI System | E61: Set | G61: =IF($A$5="일반 Ver.", 50, 55) -> 50 | H61: =IF($A$5="일반 Ver.", 40, 45) -> 40 | I61: =IF($A$5="일반 Ver.", 30, 35) -> 30 | K61: =IF($A$5="일반 Ver.", 20, 15) -> 20 | L61: =IF($A$5="일반 Ver.", 20, 15) -> 20 | M61: =IF($A$5="일반 Ver.", 20, 15) -> 20
D62: - Plant Radio System | E62: Set | G62: =IF($A$5="일반 Ver.", 70, 75) -> 70 | H62: =IF($A$5="일반 Ver.", 50, 55) -> 50 | I62: =IF($A$5="일반 Ver.", 30, 35) -> 30 | K62: =IF($A$5="일반 Ver.", 20, 15) -> 20 | L62: =IF($A$5="일반 Ver.", 20, 15) -> 20 | M62: =IF($A$5="일반 Ver.", 20, 15) -> 20
D63: - Marine Radio System | E63: Set | G63: =IF($A$5="일반 Ver.", 50, 55) -> 50 | H63: =IF($A$5="일반 Ver.", 40, 45) -> 40 | I63: =IF($A$5="일반 Ver.", 30, 35) -> 30 | K63: =IF($A$5="일반 Ver.", 20, 15) -> 20 | L63: =IF($A$5="일반 Ver.", 20, 15) -> 20 | M63: =IF($A$5="일반 Ver.", 20, 15) -> 20
D64: - Process CCTV System | E64: Set | G64: =IF($A$5="일반 Ver.", 120,125) -> 120 | H64: =IF($A$5="일반 Ver.", 80, 85) -> 80 | I64: =IF($A$5="일반 Ver.", 60, 65) -> 60 | K64: =IF($A$5="일반 Ver.", 20, 15) -> 20 | L64: =IF($A$5="일반 Ver.", 20, 15) -> 20 | M64: =IF($A$5="일반 Ver.", 20, 15) -> 20
D65: - Public Address/General Alarm System (PAGA) | E65: Set | G65: =IF($A$5="일반 Ver.", 120,125) -> 120 | H65: =IF($A$5="일반 Ver.", 80, 85) -> 80 | I65: =IF($A$5="일반 Ver.", 60, 65) -> 60 | K65: =IF($A$5="일반 Ver.", 20, 15) -> 20 | L65: =IF($A$5="일반 Ver.", 20, 15) -> 20 | M65: =IF($A$5="일반 Ver.", 20, 15) -> 20 | N65: PAGA/PAGING이 별도일 경우, 수량으로 대체 예시1) Aramco의 경우 ISP, Process용 PAGA가 각각 있는 경우, 예시2) PA, PAGING 각각 있는 경우
D66: - Siren System | E66: Set | G66: =IF($A$5="일반 Ver.", 50, 55) -> 50 | H66: =IF($A$5="일반 Ver.", 40, 45) -> 40 | I66: =IF($A$5="일반 Ver.", 30, 35) -> 30 | K66: =IF($A$5="일반 Ver.", 20, 15) -> 20 | L66: =IF($A$5="일반 Ver.", 20, 15) -> 20 | M66: =IF($A$5="일반 Ver.", 20, 15) -> 20
D67: - Structured Cabling System (SCS) | E67: Set | G67: =IF($A$5="일반 Ver.", 50, 55) -> 50 | H67: =IF($A$5="일반 Ver.", 40, 45) -> 40 | I67: =IF($A$5="일반 Ver.", 30, 35) -> 30 | K67: =IF($A$5="일반 Ver.", 20, 15) -> 20 | L67: =IF($A$5="일반 Ver.", 20, 15) -> 20 | M67: =IF($A$5="일반 Ver.", 20, 15) -> 20
D68: - OutSide Plant (OSP) | E68: Set | G68: =IF($A$5="일반 Ver.", 120,125) -> 120 | H68: =IF($A$5="일반 Ver.", 80, 85) -> 80 | I68: =IF($A$5="일반 Ver.", 60, 65) -> 60 | K68: =IF($A$5="일반 Ver.", 20, 15) -> 20 | L68: =IF($A$5="일반 Ver.", 20, 15) -> 20 | M68: =IF($A$5="일반 Ver.", 20, 15) -> 20
D69: - Others | E69: Set | G69: =IF($A$5="일반 Ver.", 50, 55) -> 50 | H69: =IF($A$5="일반 Ver.", 40, 45) -> 40 | I69: =IF($A$5="일반 Ver.", 30, 35) -> 30 | K69: =IF($A$5="일반 Ver.", 20, 15) -> 20 | L69: =IF($A$5="일반 Ver.", 20, 15) -> 20 | M69: =IF($A$5="일반 Ver.", 20, 15) -> 20
D70: Security System | O70: N/A | P70: 설계
D71: - Data Transmission System (LAN) | E71: Set | G71: =IF($A$5="일반 Ver.", 50, 55) -> 50 | H71: =IF($A$5="일반 Ver.", 40, 45) -> 40 | I71: =IF($A$5="일반 Ver.", 30, 35) -> 30 | K71: =IF($A$5="일반 Ver.", 20, 15) -> 20 | L71: =IF($A$5="일반 Ver.", 20, 15) -> 20 | M71: =IF($A$5="일반 Ver.", 20, 15) -> 20
D72: - Access Control System (ACS) | E72: Set | G72: =IF($A$5="일반 Ver.", 120,125) -> 120 | H72: =IF($A$5="일반 Ver.", 80, 85) -> 80 | I72: =IF($A$5="일반 Ver.", 60, 65) -> 60 | K72: =IF($A$5="일반 Ver.", 20, 15) -> 20 | L72: =IF($A$5="일반 Ver.", 20, 15) -> 20 | M72: =IF($A$5="일반 Ver.", 20, 15) -> 20
D73: - Intrusion Detection System (IDS) | E73: Set | G73: =IF($A$5="일반 Ver.", 120,125) -> 120 | H73: =IF($A$5="일반 Ver.", 80, 85) -> 80 | I73: =IF($A$5="일반 Ver.", 60, 65) -> 60 | K73: =IF($A$5="일반 Ver.", 20, 15) -> 20 | L73: =IF($A$5="일반 Ver.", 20, 15) -> 20 | M73: =IF($A$5="일반 Ver.", 20, 15) -> 20
D74: - Security CCTV System | E74: Set | G74: =IF($A$5="일반 Ver.", 120,125) -> 120 | H74: =IF($A$5="일반 Ver.", 80, 85) -> 80 | I74: =IF($A$5="일반 Ver.", 60, 65) -> 60 | K74: =IF($A$5="일반 Ver.", 20, 15) -> 20 | L74: =IF($A$5="일반 Ver.", 20, 15) -> 20 | M74: =IF($A$5="일반 Ver.", 20, 15) -> 20
D75: - Physical Security Management System (PSIM) | E75: Set | G75: =IF($A$5="일반 Ver.", 50, 55) -> 50 | H75: =IF($A$5="일반 Ver.", 40, 45) -> 40 | I75: =IF($A$5="일반 Ver.", 30, 35) -> 30 | K75: =IF($A$5="일반 Ver.", 20, 15) -> 20 | L75: =IF($A$5="일반 Ver.", 20, 15) -> 20 | M75: =IF($A$5="일반 Ver.", 20, 15) -> 20
D76: - Others | E76: Set | G76: =IF($A$5="일반 Ver.", 50, 55) -> 50 | H76: =IF($A$5="일반 Ver.", 40, 45) -> 40 | I76: =IF($A$5="일반 Ver.", 30, 35) -> 30 | K76: =IF($A$5="일반 Ver.", 20, 15) -> 20 | L76: =IF($A$5="일반 Ver.", 20, 15) -> 20 | M76: =IF($A$5="일반 Ver.", 20, 15) -> 20 | N76: 그 외 System은 수량으로 대체 예시) Fire Trainee Monitoring System Long Range Dection Asssement System
A78: 2 | B78: E2 | C78: Summary / List / Table
C79: 1) | D79: Cable Tray & Duct Loading Data | E79: Lot | G79: =IF($A$5="일반 Ver.", 50, 100) -> 50 | H79: =IF($A$5="일반 Ver.", 50, 100) -> 50 | I79: =IF($A$5="일반 Ver.", 50, 100) -> 50 | K79: =IF($A$5="일반 Ver.", 150, 100) -> 150 | L79: =IF($A$5="일반 Ver.", 150, 100) -> 150 | M79: =IF($A$5="일반 Ver.", 150, 100) -> 150 | O79: None | P79: 설계
C80: 2) | D80: Cable Trench (including Duct Bank) Data, Foundation Data, Manhole | E80: Lot | G80: =IF($A$5="일반 Ver.", 50, 100) -> 50 | H80: =IF($A$5="일반 Ver.", 50, 100) -> 50 | I80: =IF($A$5="일반 Ver.", 50, 100) -> 50 | K80: =IF($A$5="일반 Ver.", 150, 100) -> 150 | L80: =IF($A$5="일반 Ver.", 150, 100) -> 150 | M80: =IF($A$5="일반 Ver.", 150, 100) -> 150 | N80: 통신용 Foundation (Pole, Pedestal, outdoor JB or cabinet) | O80: None | P80: 설계 | Q80: 통신용 Foundation (Pole, Pedestal, outdoor JB or cabinet)
